OrderID, ProductKey, CustomerKey, EmployeeKey, PromotionKey, ShipperKey, OrderDateKey, RequiredDateKey, ShippedDateKey, ReturnDate, PayChanKey, Time, TillShippingDuration, OrdToReqDuration, UnitCost, UnitPrice, Quantity, DiscountAmount, TotalCost, TotalPrice, Profit, Freight, isReturned
1,78,73,56,1,3,20240101,20240106,20240107,0,1,3:09:44 AM,6,5,18,27,12,71.28,216,253,37,15,0
1,135,73,56,1,3,20240101,20240106,20240107,0,1,3:09:44 AM,6,5,18,32,14,98.56,252,350,98,15,0
2,130,52,33,1,4,20240101,20240108,20240108,0,3,6:14:52 PM,7,7,10,18,13,51.48,130,183,53,5,0
2,113,52,33,1,4,20240101,20240108,20240108,0,3,6:14:52 PM,7,7,25,40,16,140.8,400,500,100,5,0
2,42,52,33,1,4,20240101,20240108,20240108,0,3,6:14:52 PM,7,7,23,36,15,118.8,345,422,77,5,0
3,124,46,11,1,1,20240101,20240106,20240105,0,3,12:55:55 AM,4,5,25,39,6,51.48,150,183,33,5,0
4,97,30,62,1,4,20240101,20240109,20240107,0,4,1:46:06 PM,6,8,13,20,7,30.8,91,110,19,10,0
5,132,17,70,1,6,20240101,20240107,20240105,0,2,5:16:08 PM,4,6,4,6,13,17.16,52,61,9,10,0
5,105,17,70,1,6,20240101,20240107,20240105,0,2,5:16:08 PM,4,6,14,21,2,9.24,28,33,5,10,0
5,12,17,70,1,6,20240101,20240107,20240105,0,2,5:16:08 PM,4,6,23,33,15,108.9,345,387,42,10,0
5,84,17,70,1,6,20240101,20240107,20240105,0,2,5:16:08 PM,4,6,21,29,15,95.7,315,340,25,10,0
6,1,90,48,1,4,20240101,20240107,20240106,0,1,12:22:01 PM,5,6,9,16,14,49.28,126,175,49,25,0
6,87,90,48,1,4,20240101,20240107,20240106,0,1,12:22:01 PM,5,6,21,28,15,92.4,315,328,13,25,0
7,7,68,1,1,4,20240102,20240111,20240109,0,5,3:36:04 AM,7,9,19,30,13,85.8,247,305,58,5,0
7,120,68,1,1,4,20240102,20240111,20240109,0,5,3:36:04 AM,7,9,24,34,18,134.64,432,478,46,5,0
8,133,42,50,1,4,20240102,20240109,20240110,0,6,9:30:19 PM,8,7,22,39,9,77.22,198,274,76,15,0
9,131,57,41,1,2,20240102,20240111,20240109,0,2,6:14:26 PM,7,9,9,13,3,8.58,27,31,4,5,0
9,70,57,41,1,2,20240102,20240111,20240109,0,2,6:14:26 PM,7,9,18,28,13,80.08,234,284,50,5,0
9,46,57,41,1,2,20240102,20240111,20240109,0,2,6:14:26 PM,7,9,12,19,12,50.16,144,178,34,5,0
10,111,69,56,1,1,20240103,20240112,20240110,0,1,8:44:15 AM,7,9,7,13,6,17.16,42,61,19,20,0
10,104,69,56,1,1,20240103,20240112,20240110,0,1,8:44:15 AM,7,9,17,28,7,43.12,119,153,34,20,0
10,128,69,56,1,1,20240103,20240112,20240110,0,1,8:44:15 AM,7,9,19,30,10,66,190,234,44,20,0
10,95,69,56,1,1,20240103,20240112,20240110,0,1,8:44:15 AM,7,9,7,10,10,22,70,78,8,20,0
10,6,69,56,1,1,20240103,20240112,20240110,0,1,8:44:15 AM,7,9,12,19,1,4.18,12,15,3,20,0
11,138,56,54,1,6,20240103,20240109,20240110,0,3,3:08:32 PM,7,6,29,50,5,55,145,195,50,10,0
11,124,56,54,1,6,20240103,20240109,20240110,0,3,3:08:32 PM,7,6,25,39,6,51.48,150,183,33,10,0
11,63,56,54,1,6,20240103,20240109,20240110,0,3,3:08:32 PM,7,6,26,38,3,25.08,78,89,11,10,0
12,24,38,11,1,2,20240103,20240112,20240111,0,1,6:07:15 PM,8,9,19,30,6,39.6,114,141,27,10,0
12,25,38,11,1,2,20240103,20240112,20240111,0,1,6:07:15 PM,8,9,6,9,18,35.64,108,127,19,10,0
12,27,38,11,1,2,20240103,20240112,20240111,0,1,6:07:15 PM,8,9,21,37,7,56.98,147,203,56,10,0
12,88,38,11,1,2,20240103,20240112,20240111,0,1,6:07:15 PM,8,9,29,44,17,164.56,493,584,91,10,0
13,136,39,41,1,3,20240103,20240110,20240111,0,4,10:13:23 AM,8,7,21,35,16,123.2,336,437,101,5,0
13,96,39,41,1,3,20240103,20240110,20240111,0,4,10:13:23 AM,8,7,14,23,5,25.3,70,90,20,5,0
14,109,2,12,1,1,20240103,20240109,20240108,0,3,12:52:57 PM,5,6,17,31,12,81.84,204,291,87,10,0
14,60,2,12,1,1,20240103,20240109,20240108,0,3,12:52:57 PM,5,6,26,39,10,85.8,260,305,45,10,0
15,13,64,69,1,1,20240103,20240111,20240108,0,6,4:51:24 AM,5,8,13,18,5,19.8,65,71,6,20,0
15,62,64,69,1,1,20240103,20240111,20240108,0,6,4:51:24 AM,5,8,12,21,11,50.82,132,181,49,20,0
16,149,79,64,1,1,20240104,20240111,20240110,0,1,1:39:36 PM,6,7,22,31,15,102.3,330,363,33,5,0
16,105,79,64,1,1,20240104,20240111,20240110,0,1,1:39:36 PM,6,7,14,21,5,23.1,70,82,12,5,0
17,101,2,50,1,5,20240104,20240109,20240109,0,1,4:10:21 AM,5,5,25,45,17,168.3,425,597,172,25,0
17,53,2,50,1,5,20240104,20240109,20240109,0,1,4:10:21 AM,5,5,6,9,7,13.86,42,50,8,25,0
17,35,2,50,1,5,20240104,20240109,20240109,0,1,4:10:21 AM,5,5,7,12,9,23.76,63,85,22,25,0
17,118,2,50,1,5,20240104,20240109,20240109,0,1,4:10:21 AM,5,5,10,14,5,15.4,50,55,5,25,0
18,36,55,49,1,5,20240104,20240110,20240107,0,5,1:55:59 AM,3,6,16,25,7,38.5,112,137,25,15,0
19,46,77,53,1,3,20240104,20240113,20240110,0,6,9:43:51 PM,6,9,12,19,9,37.62,108,134,26,25,0
20,137,12,33,1,6,20240104,20240114,20240114,0,4,7:37:45 AM,10,10,25,37,9,73.26,225,260,35,15,0
20,41,12,33,1,6,20240104,20240114,20240114,0,4,7:37:45 AM,10,10,24,39,17,145.86,408,518,110,15,0
21,57,19,49,1,6,20240105,20240112,20240112,0,2,12:32:04 PM,7,7,26,42,14,129.36,364,459,95,15,0
21,157,19,49,1,6,20240105,20240112,20240112,0,2,12:32:04 PM,7,7,8,15,10,33,80,117,37,15,0
21,125,19,49,1,6,20240105,20240112,20240112,0,2,12:32:04 PM,7,7,9,17,3,11.22,27,40,13,15,0
22,104,33,3,1,2,20240105,20240110,20240110,0,1,6:45:14 PM,5,5,17,28,3,18.48,51,66,15,25,0
22,115,33,3,1,2,20240105,20240110,20240110,0,1,6:45:14 PM,5,5,21,38,8,66.88,168,238,70,25,0
22,124,33,3,1,2,20240105,20240110,20240110,0,1,6:45:14 PM,5,5,25,39,8,68.64,200,244,44,25,0
22,65,33,3,1,2,20240105,20240110,20240110,0,1,6:45:14 PM,5,5,4,6,8,10.56,32,38,6,25,0
22,108,33,3,1,2,20240105,20240110,20240110,0,1,6:45:14 PM,5,5,13,18,14,55.44,182,197,15,25,0
23,153,34,52,1,6,20240105,20240110,20240111,0,1,7:35:30 PM,6,5,26,39,2,17.16,52,61,9,5,0
23,70,34,52,1,6,20240105,20240110,20240111,0,1,7:35:30 PM,6,5,18,28,7,43.12,126,153,27,5,0
23,160,34,52,1,6,20240105,20240110,20240111,0,1,7:35:30 PM,6,5,4,6,17,22.44,68,80,12,5,0
23,6,34,52,1,6,20240105,20240110,20240111,0,1,7:35:30 PM,6,5,12,19,15,62.7,180,223,43,5,0
24,92,16,36,1,4,20240105,20240114,20240113,0,4,5:54:16 AM,8,9,14,20,9,39.6,126,141,15,5,0
24,87,16,36,1,4,20240105,20240114,20240113,0,4,5:54:16 AM,8,9,21,28,8,49.28,168,175,7,5,0
24,38,16,36,1,4,20240105,20240114,20240113,0,4,5:54:16 AM,8,9,20,36,2,15.84,40,57,17,5,0
25,149,39,19,1,6,20240106,20240115,20240114,0,5,6:57:54 AM,8,9,22,31,8,54.56,176,194,18,25,0
25,75,39,19,1,6,20240106,20240115,20240114,0,5,6:57:54 AM,8,9,8,13,16,45.76,128,163,35,25,0
26,137,59,22,1,4,20240106,20240115,20240113,0,1,7:24:40 AM,7,9,25,37,15,122.1,375,433,58,15,0
26,104,59,22,1,4,20240106,20240115,20240113,0,1,7:24:40 AM,7,9,17,28,17,104.72,289,372,83,15,0
27,117,40,61,1,4,20240106,20240112,20240113,0,4,5:43:08 AM,7,6,10,15,17,56.1,170,199,29,5,0
28,83,65,57,1,3,20240106,20240112,20240112,0,6,12:17:27 PM,6,6,25,37,9,73.26,225,260,35,15,0
29,21,53,18,1,3,20240106,20240112,20240112,0,5,1:46:39 PM,6,6,21,33,2,14.52,42,52,10,15,0
29,100,53,18,1,3,20240106,20240112,20240112,0,5,1:46:39 PM,6,6,17,27,11,65.34,187,232,45,15,0
30,92,32,58,0,1,20240107,20240117,20240115,0,2,9:48:15 AM,8,10,14,20,10,0,140,200,60,10,0
30,135,32,58,0,1,20240107,20240117,20240115,0,2,9:48:15 AM,8,10,18,32,16,0,288,512,224,10,0
30,104,32,58,0,1,20240107,20240117,20240115,0,2,9:48:15 AM,8,10,17,28,7,0,119,196,77,10,0
30,95,32,58,0,1,20240107,20240117,20240115,0,2,9:48:15 AM,8,10,7,10,2,0,14,20,6,10,0
31,92,40,54,0,5,20240107,20240116,20240116,0,5,2:42:38 AM,9,9,14,20,11,0,154,220,66,5,0
31,159,40,54,0,5,20240107,20240116,20240116,0,5,2:42:38 AM,9,9,11,15,11,0,121,165,44,5,0
31,131,40,54,0,5,20240107,20240116,20240116,0,5,2:42:38 AM,9,9,9,13,18,0,162,234,72,5,0
31,25,40,54,0,5,20240107,20240116,20240116,0,5,2:42:38 AM,9,9,6,9,3,0,18,27,9,5,0
32,92,52,31,0,1,20240107,20240113,20240113,0,6,1:06:40 AM,6,6,14,20,13,0,182,260,78,10,0
32,114,52,31,0,1,20240107,20240113,20240113,0,6,1:06:40 AM,6,6,13,23,7,0,91,161,70,10,0
33,26,5,28,0,3,20240107,20240112,20240110,0,5,3:04:16 PM,3,5,19,32,8,0,152,256,104,20,0
33,158,5,28,0,3,20240107,20240112,20240110,0,5,3:04:16 PM,3,5,4,6,14,0,56,84,28,20,0
33,92,5,28,0,3,20240107,20240112,20240110,0,5,3:04:16 PM,3,5,14,20,18,0,252,360,108,20,0
34,146,54,40,0,1,20240107,20240114,20240111,0,3,4:14:48 AM,4,7,17,31,17,0,289,527,238,25,0
34,74,54,40,0,1,20240107,20240114,20240111,0,3,4:14:48 AM,4,7,10,17,18,0,180,306,126,25,0
34,93,54,40,0,1,20240107,20240114,20240111,0,3,4:14:48 AM,4,7,6,9,4,0,24,36,12,25,0
34,88,54,40,0,1,20240107,20240114,20240111,0,3,4:14:48 AM,4,7,29,44,13,0,377,572,195,25,0
35,155,95,39,0,3,20240108,20240117,20240116,0,3,3:33:09 PM,8,9,6,11,6,0,36,66,30,10,0
35,123,95,39,0,3,20240108,20240117,20240116,0,3,3:33:09 PM,8,9,15,23,8,0,120,184,64,10,0
36,42,94,31,0,6,20240108,20240115,20240113,0,4,8:48:41 PM,5,7,23,36,13,0,299,468,169,25,0
36,131,94,31,0,6,20240108,20240115,20240113,0,4,8:48:41 PM,5,7,9,13,8,0,72,104,32,25,0
36,81,94,31,0,6,20240108,20240115,20240113,0,4,8:48:41 PM,5,7,28,40,5,0,140,200,60,25,0
37,36,91,36,0,6,20240108,20240116,20240116,0,6,8:48:48 PM,8,8,16,25,12,0,192,300,108,25,0
37,7,91,36,0,6,20240108,20240116,20240116,0,6,8:48:48 PM,8,8,19,30,5,0,95,150,55,25,0
37,72,91,36,0,6,20240108,20240116,20240116,0,6,8:48:48 PM,8,8,23,38,14,0,322,532,210,25,0
38,105,73,15,0,1,20240108,20240117,20240115,0,3,12:45:40 AM,7,9,14,21,18,0,252,378,126,20,0
38,36,73,15,0,1,20240108,20240117,20240115,0,3,12:45:40 AM,7,9,16,25,9,0,144,225,81,20,0
38,21,73,15,0,1,20240108,20240117,20240115,0,3,12:45:40 AM,7,9,21,33,4,0,84,132,48,20,0
38,104,73,15,0,1,20240108,20240117,20240115,0,3,12:45:40 AM,7,9,17,28,15,0,255,420,165,20,0
39,114,69,22,0,4,20240108,20240115,20240113,0,4,6:00:06 AM,5,7,13,23,10,0,130,230,100,10,0
40,84,2,48,0,6,20240109,20240117,20240114,0,5,10:17:24 PM,5,8,21,29,5,0,105,145,40,20,0
40,126,2,48,0,6,20240109,20240117,20240114,0,5,10:17:24 PM,5,8,10,18,5,0,50,90,40,20,0
40,74,2,48,0,6,20240109,20240117,20240114,0,5,10:17:24 PM,5,8,10,17,16,0,160,272,112,20,0
40,64,2,48,0,6,20240109,20240117,20240114,0,5,10:17:24 PM,5,8,16,24,17,0,272,408,136,20,0
41,54,30,55,0,1,20240109,20240114,20240111,0,3,10:02:38 AM,2,5,9,14,6,0,54,84,30,25,0
41,155,30,55,0,1,20240109,20240114,20240111,0,3,10:02:38 AM,2,5,6,11,9,0,54,99,45,25,0
41,133,30,55,0,1,20240109,20240114,20240111,0,3,10:02:38 AM,2,5,22,39,17,0,374,663,289,25,0
42,56,52,18,0,4,20240109,20240116,20240117,0,6,3:16:53 PM,8,7,14,22,5,0,70,110,40,20,0
42,109,52,18,0,4,20240109,20240116,20240117,0,6,3:16:53 PM,8,7,17,31,3,0,51,93,42,20,0
43,145,44,2,0,6,20240109,20240119,20240118,0,5,10:12:56 AM,9,10,20,34,5,0,100,170,70,20,0
44,107,77,43,0,4,20240109,20240114,20240114,0,1,2:13:08 PM,5,5,28,49,12,0,336,588,252,25,0
44,158,77,43,0,4,20240109,20240114,20240114,0,1,2:13:08 PM,5,5,4,6,13,0,52,78,26,25,0
44,152,77,43,0,4,20240109,20240114,20240114,0,1,2:13:08 PM,5,5,20,27,10,0,200,270,70,25,0
44,65,77,43,0,4,20240109,20240114,20240114,0,1,2:13:08 PM,5,5,4,6,12,0,48,72,24,25,0
44,126,77,43,0,4,20240109,20240114,20240114,0,1,2:13:08 PM,5,5,10,18,5,0,50,90,40,25,0
45,12,70,34,0,2,20240110,20240119,20240116,0,6,8:23:14 PM,6,9,23,33,13,0,299,429,130,10,0
45,33,70,34,0,2,20240110,20240119,20240116,0,6,8:23:14 PM,6,9,28,44,3,0,84,132,48,10,0
46,109,99,1,0,4,20240110,20240115,20240115,0,3,2:22:01 AM,5,5,17,31,11,0,187,341,154,25,0
47,145,28,74,0,2,20240110,20240116,20240115,0,2,9:00:05 AM,5,6,20,34,3,0,60,102,42,25,0
47,144,28,74,0,2,20240110,20240116,20240115,0,2,9:00:05 AM,5,6,18,25,2,0,36,50,14,25,0
48,41,89,20,0,5,20240110,20240119,20240117,0,2,8:53:03 AM,7,9,24,39,7,0,168,273,105,5,0
48,136,89,20,0,5,20240110,20240119,20240117,0,2,8:53:03 AM,7,9,21,35,2,0,42,70,28,5,0
49,71,54,17,0,1,20240110,20240120,20240120,0,3,9:55:58 PM,10,10,11,18,1,0,11,18,7,10,0
49,46,54,17,0,1,20240110,20240120,20240120,0,3,9:55:58 PM,10,10,12,19,2,0,24,38,14,10,0
49,64,54,17,0,1,20240110,20240120,20240120,0,3,9:55:58 PM,10,10,16,24,14,0,224,336,112,10,0
49,118,54,17,0,1,20240110,20240120,20240120,0,3,9:55:58 PM,10,10,10,14,14,0,140,196,56,10,0
49,3,54,17,0,1,20240110,20240120,20240120,0,3,9:55:58 PM,10,10,26,36,1,0,26,36,10,10,0
50,147,30,4,0,6,20240111,20240117,20240114,0,6,1:07:59 AM,3,6,7,11,17,0,119,187,68,5,0
50,74,30,4,0,6,20240111,20240117,20240114,0,6,1:07:59 AM,3,6,10,17,18,0,180,306,126,5,0
50,43,30,4,0,6,20240111,20240117,20240114,0,6,1:07:59 AM,3,6,9,16,14,0,126,224,98,5,0
50,31,30,4,0,6,20240111,20240117,20240114,0,6,1:07:59 AM,3,6,21,32,8,0,168,256,88,5,0
50,112,30,4,0,6,20240111,20240117,20240114,0,6,1:07:59 AM,3,6,5,8,1,0,5,8,3,5,0
51,150,97,4,0,2,20240111,20240119,20240117,0,3,1:12:15 AM,6,8,4,7,5,0,20,35,15,25,0
52,94,58,16,0,3,20240111,20240118,20240118,0,1,9:00:29 PM,7,7,5,9,2,0,10,18,8,15,0
52,127,58,16,0,3,20240111,20240118,20240118,0,1,9:00:29 PM,7,7,19,27,17,0,323,459,136,15,0
52,153,58,16,0,3,20240111,20240118,20240118,0,1,9:00:29 PM,7,7,26,39,6,0,156,234,78,15,0
53,78,43,20,0,4,20240111,20240117,20240114,0,2,7:12:41 AM,3,6,18,27,11,0,198,297,99,15,0
54,131,50,61,0,4,20240111,20240120,20240117,0,1,12:46:04 PM,6,9,9,13,7,0,63,91,28,25,0
54,75,50,61,0,4,20240111,20240120,20240117,0,1,12:46:04 PM,6,9,8,13,12,0,96,156,60,25,0
54,38,50,61,0,4,20240111,20240120,20240117,0,1,12:46:04 PM,6,9,20,36,14,0,280,504,224,25,0
55,31,59,35,0,2,20240112,20240121,20240119,0,2,2:42:25 AM,7,9,21,32,13,0,273,416,143,10,0
56,12,89,7,0,1,20240112,20240122,20240123,0,3,4:17:04 AM,11,10,23,33,10,0,230,330,100,20,0
56,151,89,7,0,1,20240112,20240122,20240123,0,3,4:17:04 AM,11,10,8,13,11,0,88,143,55,20,0
57,49,3,26,0,2,20240112,20240117,20240117,0,3,12:45:36 AM,5,5,12,19,16,0,192,304,112,25,0
57,46,3,26,0,2,20240112,20240117,20240117,0,3,12:45:36 AM,5,5,12,19,13,0,156,247,91,25,0
57,146,3,26,0,2,20240112,20240117,20240117,0,3,12:45:36 AM,5,5,17,31,14,0,238,434,196,25,0
57,62,3,26,0,2,20240112,20240117,20240117,0,3,12:45:36 AM,5,5,12,21,10,0,120,210,90,25,0
57,48,3,26,0,2,20240112,20240117,20240117,0,3,12:45:36 AM,5,5,27,47,6,0,162,282,120,25,0
58,23,82,39,0,1,20240112,20240117,20240118,0,5,9:46:28 AM,6,5,18,31,5,0,90,155,65,10,0
58,12,82,39,0,1,20240112,20240117,20240118,0,5,9:46:28 AM,6,5,23,33,14,0,322,462,140,10,0
58,14,82,39,0,1,20240112,20240117,20240118,0,5,9:46:28 AM,6,5,20,33,5,0,100,165,65,10,0
59,32,9,69,0,3,20240112,20240118,20240118,0,1,5:32:14 AM,6,6,21,34,12,0,252,408,156,10,0
60,90,35,53,0,4,20240113,20240119,20240118,0,2,10:59:41 AM,5,6,18,30,14,0,252,420,168,15,0
60,80,35,53,0,4,20240113,20240119,20240118,0,2,10:59:41 AM,5,6,9,16,9,0,81,144,63,15,0
60,129,35,53,0,4,20240113,20240119,20240118,0,2,10:59:41 AM,5,6,4,6,14,0,56,84,28,15,0
61,74,62,25,0,2,20240113,20240122,20240123,0,2,12:48:37 PM,10,9,10,17,2,0,20,34,14,20,0
61,140,62,25,0,2,20240113,20240122,20240123,0,2,12:48:37 PM,10,9,16,22,4,0,64,88,24,20,0
62,128,53,59,0,2,20240113,20240121,20240120,0,5,5:42:11 PM,7,8,19,30,9,0,171,270,99,10,0
63,118,24,55,0,3,20240113,20240118,20240118,0,3,1:21:25 AM,5,5,10,14,17,0,170,238,68,10,0
64,33,16,5,0,2,20240113,20240120,20240120,0,4,7:54:25 AM,7,7,28,44,14,0,392,616,224,25,0
64,79,16,5,0,2,20240113,20240120,20240120,0,4,7:54:25 AM,7,7,7,12,18,0,126,216,90,25,0
64,99,16,5,0,2,20240113,20240120,20240120,0,4,7:54:25 AM,7,7,9,15,7,0,63,105,42,25,0
64,23,16,5,0,2,20240113,20240120,20240120,0,4,7:54:25 AM,7,7,18,31,12,0,216,372,156,25,0
65,58,27,49,0,3,20240114,20240122,20240122,0,5,7:22:41 PM,8,8,25,45,2,0,50,90,40,5,0
65,104,27,49,0,3,20240114,20240122,20240122,0,5,7:22:41 PM,8,8,17,28,5,0,85,140,55,5,0
65,119,27,49,0,3,20240114,20240122,20240122,0,5,7:22:41 PM,8,8,19,29,1,0,19,29,10,5,0
66,67,59,21,0,6,20240114,20240121,20240118,0,2,4:59:20 PM,4,7,10,15,1,0,10,15,5,5,0
67,119,71,65,0,4,20240114,20240123,20240122,0,3,7:44:18 AM,8,9,19,29,11,0,209,319,110,5,0
67,142,71,65,0,4,20240114,20240123,20240122,0,3,7:44:18 AM,8,9,24,39,17,0,408,663,255,5,0
68,7,24,6,0,6,20240114,20240123,20240120,0,3,10:00:52 AM,6,9,19,30,3,0,57,90,33,20,0
68,106,24,6,0,6,20240114,20240123,20240120,0,3,10:00:52 AM,6,9,22,32,12,0,264,384,120,20,0
69,90,85,35,0,1,20240114,20240119,20240116,0,1,5:59:00 PM,2,5,18,30,17,0,306,510,204,5,0
69,92,85,35,0,1,20240114,20240119,20240116,0,1,5:59:00 PM,2,5,14,20,5,0,70,100,30,5,0
69,22,85,35,0,1,20240114,20240119,20240116,0,1,5:59:00 PM,2,5,29,39,15,0,435,585,150,5,0
69,131,85,35,0,1,20240114,20240119,20240116,0,1,5:59:00 PM,2,5,9,13,11,0,99,143,44,5,0
69,54,85,35,0,1,20240114,20240119,20240116,0,1,5:59:00 PM,2,5,9,14,17,0,153,238,85,5,0
70,63,54,1,0,2,20240115,20240123,20240122,0,1,8:47:55 PM,7,8,26,38,16,0,416,608,192,5,0
70,8,54,1,0,2,20240115,20240123,20240122,0,1,8:47:55 PM,7,8,11,16,3,0,33,48,15,5,0
70,107,54,1,0,2,20240115,20240123,20240122,0,1,8:47:55 PM,7,8,28,49,18,0,504,882,378,5,0
71,43,5,3,0,5,20240115,20240122,20240120,0,1,7:18:30 AM,5,7,9,16,5,0,45,80,35,20,0
72,32,40,14,0,6,20240115,20240120,20240119,0,1,12:33:54 PM,4,5,21,34,1,0,21,34,13,10,0
72,53,40,14,0,6,20240115,20240120,20240119,0,1,12:33:54 PM,4,5,6,9,6,0,36,54,18,10,0
73,89,74,69,0,5,20240115,20240124,20240125,0,1,7:22:03 PM,10,9,13,19,9,0,117,171,54,25,0
73,111,74,69,0,5,20240115,20240124,20240125,0,1,7:22:03 PM,10,9,7,13,11,0,77,143,66,25,0
73,98,74,69,0,5,20240115,20240124,20240125,0,1,7:22:03 PM,10,9,20,33,7,0,140,231,91,25,0
73,107,74,69,0,5,20240115,20240124,20240125,0,1,7:22:03 PM,10,9,28,49,2,0,56,98,42,25,0
74,111,40,16,0,6,20240116,20240121,20240120,0,2,1:09:41 PM,4,5,7,13,18,0,126,234,108,5,0
75,67,74,42,0,3,20240116,20240126,20240127,0,6,10:06:47 PM,11,10,10,15,18,0,180,270,90,10,0
75,68,74,42,0,3,20240116,20240126,20240127,0,6,10:06:47 PM,11,10,6,10,6,0,36,60,24,10,0
76,41,21,27,0,3,20240116,20240122,20240123,0,6,12:01:52 PM,7,6,24,39,3,0,72,117,45,10,0
77,24,28,58,0,2,20240116,20240122,20240120,0,3,9:24:56 AM,4,6,19,30,11,0,209,330,121,15,0
77,94,28,58,0,2,20240116,20240122,20240120,0,3,9:24:56 AM,4,6,5,9,7,0,35,63,28,15,0
77,80,28,58,0,2,20240116,20240122,20240120,0,3,9:24:56 AM,4,6,9,16,17,0,153,272,119,15,0
77,85,28,58,0,2,20240116,20240122,20240120,0,3,9:24:56 AM,4,6,13,23,10,0,130,230,100,15,0
78,111,30,37,0,6,20240116,20240124,20240124,0,1,2:37:04 AM,8,8,7,13,14,0,98,182,84,20,0
79,2,32,52,0,6,20240117,20240126,20240123,0,5,8:29:45 AM,6,9,21,34,2,0,42,68,26,5,0
79,33,32,52,0,6,20240117,20240126,20240123,0,5,8:29:45 AM,6,9,28,44,14,0,392,616,224,5,0
79,86,32,52,0,6,20240117,20240126,20240123,0,5,8:29:45 AM,6,9,28,40,3,0,84,120,36,5,0
79,18,32,52,0,6,20240117,20240126,20240123,0,5,8:29:45 AM,6,9,24,43,14,0,336,602,266,5,0
80,13,14,73,0,5,20240117,20240123,20240123,0,5,2:14:06 PM,6,6,13,18,14,0,182,252,70,25,0
80,125,14,73,0,5,20240117,20240123,20240123,0,5,2:14:06 PM,6,6,9,17,17,0,153,289,136,25,0
80,82,14,73,0,5,20240117,20240123,20240123,0,5,2:14:06 PM,6,6,16,24,8,0,128,192,64,25,0
80,101,14,73,0,5,20240117,20240123,20240123,0,5,2:14:06 PM,6,6,25,45,13,0,325,585,260,25,0
80,27,14,73,0,5,20240117,20240123,20240123,0,5,2:14:06 PM,6,6,21,37,3,0,63,111,48,25,0
81,140,46,1,0,6,20240117,20240125,20240126,0,5,12:54:24 PM,9,8,16,22,16,0,256,352,96,25,0
81,158,46,1,0,6,20240117,20240125,20240126,0,5,12:54:24 PM,9,8,4,6,10,0,40,60,20,25,0
82,82,91,42,0,1,20240117,20240123,20240121,0,6,4:15:31 AM,4,6,16,24,2,0,32,48,16,10,0
83,105,72,58,0,2,20240117,20240123,20240120,0,4,12:02:49 AM,3,6,14,21,6,0,84,126,42,15,0
83,17,72,58,0,2,20240117,20240123,20240120,0,4,12:02:49 AM,3,6,28,46,11,0,308,506,198,15,0
83,115,72,58,0,2,20240117,20240123,20240120,0,4,12:02:49 AM,3,6,21,38,12,0,252,456,204,15,0
84,110,88,34,0,2,20240118,20240124,20240125,0,4,6:32:51 AM,7,6,7,12,17,0,119,204,85,10,0
85,83,79,43,0,2,20240118,20240128,20240129,0,3,11:18:50 PM,11,10,25,37,10,0,250,370,120,10,0
85,49,79,43,0,2,20240118,20240128,20240129,0,3,11:18:50 PM,11,10,12,19,1,0,12,19,7,10,0
85,77,79,43,0,2,20240118,20240128,20240129,0,3,11:18:50 PM,11,10,27,49,2,0,54,98,44,10,0
85,88,79,43,0,2,20240118,20240128,20240129,0,3,11:18:50 PM,11,10,29,44,12,0,348,528,180,10,0
86,152,31,58,0,5,20240118,20240127,20240127,0,6,2:49:33 AM,9,9,20,27,5,0,100,135,35,5,0
86,56,31,58,0,5,20240118,20240127,20240127,0,6,2:49:33 AM,9,9,14,22,11,0,154,242,88,5,0
86,71,31,58,0,5,20240118,20240127,20240127,0,6,2:49:33 AM,9,9,11,18,6,0,66,108,42,5,0
87,73,85,50,0,1,20240118,20240123,20240123,0,4,6:04:18 AM,5,5,21,37,1,0,21,37,16,5,0
87,125,85,50,0,1,20240118,20240123,20240123,0,4,6:04:18 AM,5,5,9,17,11,0,99,187,88,5,0
88,130,48,31,0,6,20240118,20240123,20240121,0,1,7:23:38 AM,3,5,10,18,9,0,90,162,72,15,0
88,147,48,31,0,6,20240118,20240123,20240121,0,1,7:23:38 AM,3,5,7,11,1,0,7,11,4,15,0
88,65,48,31,0,6,20240118,20240123,20240121,0,1,7:23:38 AM,3,5,4,6,1,0,4,6,2,15,0
88,71,48,31,0,6,20240118,20240123,20240121,0,1,7:23:38 AM,3,5,11,18,18,0,198,324,126,15,0
88,14,48,31,0,6,20240118,20240123,20240121,0,1,7:23:38 AM,3,5,20,33,12,0,240,396,156,15,0
89,88,97,53,0,5,20240119,20240125,20240122,0,3,10:02:58 AM,3,6,29,44,9,0,261,396,135,25,0
89,117,97,53,0,5,20240119,20240125,20240122,0,3,10:02:58 AM,3,6,10,15,1,0,10,15,5,25,0
90,27,64,14,0,2,20240119,20240128,20240126,0,1,11:35:52 AM,7,9,21,37,9,0,189,333,144,15,0
90,9,64,14,0,2,20240119,20240128,20240126,0,1,11:35:52 AM,7,9,22,34,12,0,264,408,144,15,0
91,46,7,20,0,2,20240119,20240124,20240122,0,3,8:01:16 AM,3,5,12,19,10,0,120,190,70,25,0
92,28,30,59,0,5,20240119,20240125,20240124,0,5,5:44:04 PM,5,6,28,50,6,0,168,300,132,5,0
92,126,30,59,0,5,20240119,20240125,20240124,0,5,5:44:04 PM,5,6,10,18,12,0,120,216,96,5,0
92,120,30,59,0,5,20240119,20240125,20240124,0,5,5:44:04 PM,5,6,24,34,16,0,384,544,160,5,0
92,47,30,59,0,5,20240119,20240125,20240124,0,5,5:44:04 PM,5,6,22,34,16,0,352,544,192,5,0
93,122,60,3,0,2,20240119,20240125,20240123,0,1,7:31:01 AM,4,6,14,23,12,0,168,276,108,15,0
94,69,79,15,0,2,20240120,20240126,20240123,0,3,4:25:53 PM,3,6,7,11,6,0,42,66,24,15,0
95,30,22,42,0,4,20240120,20240128,20240127,0,5,7:43:00 AM,7,8,20,30,5,0,100,150,50,10,0
95,38,22,42,0,4,20240120,20240128,20240127,0,5,7:43:00 AM,7,8,20,36,6,0,120,216,96,10,0
95,49,22,42,0,4,20240120,20240128,20240127,0,5,7:43:00 AM,7,8,12,19,16,0,192,304,112,10,0
96,94,53,8,0,2,20240120,20240129,20240126,0,3,7:19:38 PM,6,9,5,9,10,0,50,90,40,15,0
96,43,53,8,0,2,20240120,20240129,20240126,0,3,7:19:38 PM,6,9,9,16,14,0,126,224,98,15,0
97,31,95,23,0,4,20240120,20240127,20240127,0,2,3:20:18 AM,7,7,21,32,14,0,294,448,154,25,0
97,149,95,23,0,4,20240120,20240127,20240127,0,2,3:20:18 AM,7,7,22,31,17,0,374,527,153,25,0
98,109,79,72,0,2,20240120,20240126,20240126,0,5,12:16:37 AM,6,6,17,31,3,0,51,93,42,20,0
98,134,79,72,0,2,20240120,20240126,20240126,0,5,12:16:37 AM,6,6,9,15,11,0,99,165,66,20,0
98,92,79,72,0,2,20240120,20240126,20240126,0,5,12:16:37 AM,6,6,14,20,1,0,14,20,6,20,0
99,112,30,1,0,5,20240121,20240131,20240201,0,2,6:17:56 AM,11,10,5,8,7,0,35,56,21,15,0
99,158,30,1,0,5,20240121,20240131,20240201,0,2,6:17:56 AM,11,10,4,6,15,0,60,90,30,15,0
99,118,30,1,0,5,20240121,20240131,20240201,0,2,6:17:56 AM,11,10,10,14,16,0,160,224,64,15,0
100,160,13,17,0,4,20240121,20240128,20240125,0,2,11:47:34 AM,4,7,4,6,14,0,56,84,28,15,0
100,11,13,17,0,4,20240121,20240128,20240125,0,2,11:47:34 AM,4,7,24,39,14,0,336,546,210,15,0
101,4,20,16,0,1,20240121,20240128,20240127,0,3,11:22:38 AM,6,7,24,39,14,0,336,546,210,10,0
102,60,82,23,0,3,20240121,20240129,20240126,0,6,5:34:08 PM,5,8,26,39,7,0,182,273,91,10,0
103,52,36,15,0,5,20240121,20240128,20240129,0,5,7:50:30 PM,8,7,26,43,17,0,442,731,289,25,0
103,88,36,15,0,5,20240121,20240128,20240129,0,5,7:50:30 PM,8,7,29,44,17,0,493,748,255,25,0
103,118,36,15,0,5,20240121,20240128,20240129,0,5,7:50:30 PM,8,7,10,14,17,0,170,238,68,25,0
104,111,73,69,0,2,20240122,20240131,20240130,0,5,6:05:50 AM,8,9,7,13,10,0,70,130,60,15,0
104,81,73,69,0,2,20240122,20240131,20240130,0,5,6:05:50 AM,8,9,28,40,3,0,84,120,36,15,0
104,32,73,69,0,2,20240122,20240131,20240130,0,5,6:05:50 AM,8,9,21,34,14,0,294,476,182,15,0
104,124,73,69,0,2,20240122,20240131,20240130,0,5,6:05:50 AM,8,9,25,39,10,0,250,390,140,15,0
105,60,90,37,0,4,20240122,20240127,20240125,0,1,10:28:43 PM,3,5,26,39,2,0,52,78,26,25,0
106,6,18,61,0,1,20240122,20240130,20240129,0,2,6:28:19 AM,7,8,12,19,4,0,48,76,28,10,0
107,85,95,39,0,3,20240122,20240128,20240129,0,4,3:16:53 PM,7,6,13,23,1,0,13,23,10,15,0
107,61,95,39,0,3,20240122,20240128,20240129,0,4,3:16:53 PM,7,6,13,20,12,0,156,240,84,15,0
107,79,95,39,0,3,20240122,20240128,20240129,0,4,3:16:53 PM,7,6,7,12,11,0,77,132,55,15,0
107,40,95,39,0,3,20240122,20240128,20240129,0,4,3:16:53 PM,7,6,12,17,13,0,156,221,65,15,0
108,87,5,70,0,1,20240122,20240201,20240129,0,3,4:05:16 PM,7,10,21,28,4,0,84,112,28,25,0
108,95,5,70,0,1,20240122,20240201,20240129,0,3,4:05:16 PM,7,10,7,10,17,0,119,170,51,25,0
108,97,5,70,0,1,20240122,20240201,20240129,0,3,4:05:16 PM,7,10,13,20,3,0,39,60,21,25,0
108,104,5,70,0,1,20240122,20240201,20240129,0,3,4:05:16 PM,7,10,17,28,7,0,119,196,77,25,0
109,87,72,18,0,3,20240123,20240128,20240126,0,2,1:34:49 PM,3,5,21,28,12,0,252,336,84,25,0
109,73,72,18,0,3,20240123,20240128,20240126,0,2,1:34:49 PM,3,5,21,37,13,0,273,481,208,25,0
109,157,72,18,0,3,20240123,20240128,20240126,0,2,1:34:49 PM,3,5,8,15,11,0,88,165,77,25,0
109,92,72,18,0,3,20240123,20240128,20240126,0,2,1:34:49 PM,3,5,14,20,3,0,42,60,18,25,0
110,67,25,6,0,6,20240123,20240131,20240201,0,5,1:36:01 PM,9,8,10,15,6,0,60,90,30,10,0
110,10,25,6,0,6,20240123,20240131,20240201,0,5,1:36:01 PM,9,8,21,29,9,0,189,261,72,10,0
111,64,18,73,0,5,20240123,20240130,20240129,0,2,9:08:13 PM,6,7,16,24,12,0,192,288,96,20,0
111,156,18,73,0,5,20240123,20240130,20240129,0,2,9:08:13 PM,6,7,18,29,11,0,198,319,121,20,0
111,38,18,73,0,5,20240123,20240130,20240129,0,2,9:08:13 PM,6,7,20,36,13,0,260,468,208,20,0
111,56,18,73,0,5,20240123,20240130,20240129,0,2,9:08:13 PM,6,7,14,22,16,0,224,352,128,20,0
111,132,18,73,0,5,20240123,20240130,20240129,0,2,9:08:13 PM,6,7,4,6,11,0,44,66,22,20,0
112,66,66,31,0,6,20240123,20240129,20240128,0,2,3:45:13 PM,5,6,16,28,2,0,32,56,24,10,0
112,78,66,31,0,6,20240123,20240129,20240128,0,2,3:45:13 PM,5,6,18,27,2,0,36,54,18,10,0
113,77,87,14,0,4,20240123,20240128,20240129,0,2,11:10:48 AM,6,5,27,49,5,0,135,245,110,15,0
114,39,33,3,0,4,20240124,20240130,20240128,0,1,4:02:22 AM,4,6,20,34,13,0,260,442,182,25,0
114,12,33,3,0,4,20240124,20240130,20240128,0,1,4:02:22 AM,4,6,23,33,18,0,414,594,180,25,0
115,72,72,71,0,2,20240124,20240130,20240130,0,5,3:01:44 PM,6,6,23,38,5,0,115,190,75,25,0
115,17,72,71,0,2,20240124,20240130,20240130,0,5,3:01:44 PM,6,6,28,46,15,0,420,690,270,25,0
115,1,72,71,0,2,20240124,20240130,20240130,0,5,3:01:44 PM,6,6,9,16,15,0,135,240,105,25,0
116,37,1,52,0,3,20240124,20240203,20240131,0,6,9:52:19 AM,7,10,12,21,6,0,72,126,54,25,0
116,145,1,52,0,3,20240124,20240203,20240131,0,6,9:52:19 AM,7,10,20,34,12,0,240,408,168,25,0
116,4,1,52,0,3,20240124,20240203,20240131,0,6,9:52:19 AM,7,10,24,39,15,0,360,585,225,25,0
117,18,34,26,0,3,20240124,20240130,20240127,0,4,8:12:15 PM,3,6,24,43,17,0,408,731,323,15,0
117,158,34,26,0,3,20240124,20240130,20240127,0,4,8:12:15 PM,3,6,4,6,5,0,20,30,10,15,0
118,2,28,64,0,5,20240125,20240202,20240203,0,1,1:22:07 AM,9,8,21,34,6,0,126,204,78,5,0
118,36,28,64,0,5,20240125,20240202,20240203,0,1,1:22:07 AM,9,8,16,25,16,0,256,400,144,5,0
118,107,28,64,0,5,20240125,20240202,20240203,0,1,1:22:07 AM,9,8,28,49,5,0,140,245,105,5,0
119,27,1,2,0,2,20240125,20240204,20240204,0,4,5:10:19 AM,10,10,21,37,17,0,357,629,272,15,0
120,32,63,72,0,1,20240125,20240203,20240202,0,5,8:47:11 PM,8,9,21,34,12,0,252,408,156,15,0
120,3,63,72,0,1,20240125,20240203,20240202,0,5,8:47:11 PM,8,9,26,36,10,0,260,360,100,15,0
121,53,25,24,0,2,20240125,20240204,20240202,0,4,12:57:22 PM,8,10,6,9,9,0,54,81,27,5,0
121,108,25,24,0,2,20240125,20240204,20240202,0,4,12:57:22 PM,8,10,13,18,12,0,156,216,60,5,0
121,3,25,24,0,2,20240125,20240204,20240202,0,4,12:57:22 PM,8,10,26,36,18,0,468,648,180,5,0
122,159,84,69,0,1,20240125,20240201,20240130,0,2,1:58:59 PM,5,7,11,15,2,0,22,30,8,5,0
123,50,35,37,0,1,20240126,20240203,20240204,0,6,4:36:56 PM,9,8,8,13,18,0,144,234,90,5,0
123,55,35,37,0,1,20240126,20240203,20240204,0,6,4:36:56 PM,9,8,6,11,5,0,30,55,25,5,0
123,133,35,37,0,1,20240126,20240203,20240204,0,6,4:36:56 PM,9,8,22,39,13,0,286,507,221,5,0
123,82,35,37,0,1,20240126,20240203,20240204,0,6,4:36:56 PM,9,8,16,24,13,0,208,312,104,5,0
123,16,35,37,0,1,20240126,20240203,20240204,0,6,4:36:56 PM,9,8,19,30,1,0,19,30,11,5,0
124,13,84,17,0,5,20240126,20240202,20240130,0,1,11:10:09 AM,4,7,13,18,4,0,52,72,20,20,0
125,121,79,17,0,2,20240126,20240131,20240130,0,5,6:22:54 AM,4,5,6,10,5,0,30,50,20,15,0
125,2,79,17,0,2,20240126,20240131,20240130,0,5,6:22:54 AM,4,5,21,34,18,0,378,612,234,15,0
125,97,79,17,0,2,20240126,20240131,20240130,0,5,6:22:54 AM,4,5,13,20,15,0,195,300,105,15,0
125,87,79,17,0,2,20240126,20240131,20240130,0,5,6:22:54 AM,4,5,21,28,3,0,63,84,21,15,0
126,107,14,2,0,4,20240126,20240201,20240202,0,5,8:12:20 AM,7,6,28,49,1,0,28,49,21,15,0
126,121,14,2,0,4,20240126,20240201,20240202,0,5,8:12:20 AM,7,6,6,10,12,0,72,120,48,15,0
127,29,11,69,0,5,20240126,20240201,20240131,0,6,1:25:07 PM,5,6,5,8,12,0,60,96,36,10,0
127,44,11,69,0,5,20240126,20240201,20240131,0,6,1:25:07 PM,5,6,13,17,7,0,91,119,28,10,0
127,93,11,69,0,5,20240126,20240201,20240131,0,6,1:25:07 PM,5,6,6,9,12,0,72,108,36,10,0
128,14,74,26,0,3,20240127,20240203,20240201,0,2,2:10:02 AM,5,7,20,33,9,0,180,297,117,10,0
129,79,32,32,0,1,20240127,20240206,20240203,0,6,2:44:08 PM,7,10,7,12,14,0,98,168,70,25,0
130,104,7,56,0,5,20240127,20240202,20240203,0,1,11:09:17 PM,7,6,17,28,7,0,119,196,77,10,0
130,140,7,56,0,5,20240127,20240202,20240203,0,1,11:09:17 PM,7,6,16,22,12,0,192,264,72,10,0
130,115,7,56,0,5,20240127,20240202,20240203,0,1,11:09:17 PM,7,6,21,38,12,0,252,456,204,10,0
130,146,7,56,0,5,20240127,20240202,20240203,0,1,11:09:17 PM,7,6,17,31,5,0,85,155,70,10,0
131,36,61,22,0,6,20240127,20240203,20240131,0,1,9:38:05 PM,4,7,16,25,18,0,288,450,162,10,0
132,78,57,42,0,1,20240127,20240205,20240204,0,3,2:56:08 PM,8,9,18,27,3,0,54,81,27,15,0
132,107,57,42,0,1,20240127,20240205,20240204,0,3,2:56:08 PM,8,9,28,49,18,0,504,882,378,15,0
133,79,79,74,0,6,20240128,20240206,20240205,0,6,1:44:12 AM,8,9,7,12,9,0,63,108,45,20,0
133,141,79,74,0,6,20240128,20240206,20240205,0,6,1:44:12 AM,8,9,11,19,14,0,154,266,112,20,0
134,37,11,32,0,2,20240128,20240202,20240202,0,1,9:06:25 PM,5,5,12,21,2,0,24,42,18,25,0
134,16,11,32,0,2,20240128,20240202,20240202,0,1,9:06:25 PM,5,5,19,30,9,0,171,270,99,25,0
135,35,28,18,0,6,20240128,20240202,20240130,0,3,1:51:50 PM,2,5,7,12,1,0,7,12,5,15,0
135,152,28,18,0,6,20240128,20240202,20240130,0,3,1:51:50 PM,2,5,20,27,15,0,300,405,105,15,0
135,96,28,18,0,6,20240128,20240202,20240130,0,3,1:51:50 PM,2,5,14,23,4,0,56,92,36,15,0
136,35,77,61,0,1,20240128,20240204,20240204,0,4,10:12:19 AM,7,7,7,12,1,0,7,12,5,20,0
136,153,77,61,0,1,20240128,20240204,20240204,0,4,10:12:19 AM,7,7,26,39,2,0,52,78,26,20,0
136,23,77,61,0,1,20240128,20240204,20240204,0,4,10:12:19 AM,7,7,18,31,13,0,234,403,169,20,0
136,25,77,61,0,1,20240128,20240204,20240204,0,4,10:12:19 AM,7,7,6,9,8,0,48,72,24,20,0
136,5,77,61,0,1,20240128,20240204,20240204,0,4,10:12:19 AM,7,7,8,12,11,0,88,132,44,20,0
137,96,81,13,0,6,20240128,20240207,20240205,0,4,5:58:37 PM,8,10,14,23,17,0,238,391,153,10,0
138,46,38,23,0,3,20240129,20240208,20240205,0,2,12:11:07 PM,7,10,12,19,8,0,96,152,56,10,0
138,143,38,23,0,3,20240129,20240208,20240205,0,2,12:11:07 PM,7,10,14,23,5,0,70,115,45,10,0
138,154,38,23,0,3,20240129,20240208,20240205,0,2,12:11:07 PM,7,10,10,16,10,0,100,160,60,10,0
139,109,26,40,0,2,20240129,20240207,20240204,0,2,1:46:19 PM,6,9,17,31,1,0,17,31,14,15,0
139,83,26,40,0,2,20240129,20240207,20240204,0,2,1:46:19 PM,6,9,25,37,6,0,150,222,72,15,0
139,41,26,40,0,2,20240129,20240207,20240204,0,2,1:46:19 PM,6,9,24,39,9,0,216,351,135,15,0
140,134,78,40,0,6,20240129,20240207,20240204,0,6,9:12:16 PM,6,9,9,15,18,0,162,270,108,20,0
141,106,18,14,0,2,20240129,20240205,20240204,0,5,7:44:19 PM,6,7,22,32,8,0,176,256,80,15,0
141,83,18,14,0,2,20240129,20240205,20240204,0,5,7:44:19 PM,6,7,25,37,16,0,400,592,192,15,0
141,79,18,14,0,2,20240129,20240205,20240204,0,5,7:44:19 PM,6,7,7,12,1,0,7,12,5,15,0
141,63,18,14,0,2,20240129,20240205,20240204,0,5,7:44:19 PM,6,7,26,38,3,0,78,114,36,15,0
142,131,89,74,0,1,20240129,20240204,20240201,0,6,1:16:52 AM,3,6,9,13,16,0,144,208,64,20,0
142,107,89,74,0,1,20240129,20240204,20240201,0,6,1:16:52 AM,3,6,28,49,17,0,476,833,357,20,0
143,66,18,51,0,5,20240130,20240207,20240206,0,3,2:52:51 PM,7,8,16,28,3,0,48,84,36,10,0
143,10,18,51,0,5,20240130,20240207,20240206,0,3,2:52:51 PM,7,8,21,29,12,0,252,348,96,10,0
143,86,18,51,0,5,20240130,20240207,20240206,0,3,2:52:51 PM,7,8,28,40,17,0,476,680,204,10,0
144,4,41,5,0,6,20240130,20240206,20240207,0,6,10:05:43 AM,8,7,24,39,7,0,168,273,105,20,0
144,76,41,5,0,6,20240130,20240206,20240207,0,6,10:05:43 AM,8,7,19,28,8,0,152,224,72,20,0
144,61,41,5,0,6,20240130,20240206,20240207,0,6,10:05:43 AM,8,7,13,20,5,0,65,100,35,20,0
145,10,45,41,0,4,20240130,20240206,20240203,0,2,11:01:35 AM,4,7,21,29,15,0,315,435,120,10,0
145,151,45,41,0,4,20240130,20240206,20240203,0,2,11:01:35 AM,4,7,8,13,18,0,144,234,90,10,0
145,156,45,41,0,4,20240130,20240206,20240203,0,2,11:01:35 AM,4,7,18,29,8,0,144,232,88,10,0
145,62,45,41,0,4,20240130,20240206,20240203,0,2,11:01:35 AM,4,7,12,21,8,0,96,168,72,10,0
145,35,45,41,0,4,20240130,20240206,20240203,0,2,11:01:35 AM,4,7,7,12,9,0,63,108,45,10,0
146,120,11,70,0,1,20240130,20240206,20240207,0,6,11:10:55 PM,8,7,24,34,12,0,288,408,120,15,0
147,76,78,31,0,1,20240130,20240207,20240205,0,1,3:19:11 AM,6,8,19,28,8,0,152,224,72,5,0
147,102,78,31,0,1,20240130,20240207,20240205,0,1,3:19:11 AM,6,8,15,21,12,0,180,252,72,5,0
147,18,78,31,0,1,20240130,20240207,20240205,0,1,3:19:11 AM,6,8,24,43,8,0,192,344,152,5,0
148,131,42,62,0,1,20240131,20240205,20240203,0,4,4:04:24 PM,3,5,9,13,1,0,9,13,4,20,0
149,7,25,15,0,6,20240131,20240205,20240206,0,4,7:29:41 AM,6,5,19,30,1,0,19,30,11,25,0
149,66,25,15,0,6,20240131,20240205,20240206,0,4,7:29:41 AM,6,5,16,28,11,0,176,308,132,25,0
149,72,25,15,0,6,20240131,20240205,20240206,0,4,7:29:41 AM,6,5,23,38,3,0,69,114,45,25,0
150,99,48,64,0,3,20240131,20240210,20240211,0,2,10:14:02 AM,11,10,9,15,10,0,90,150,60,25,0
151,12,47,21,0,3,20240131,20240206,20240204,0,5,11:51:20 PM,4,6,23,33,6,0,138,198,60,25,0
151,85,47,21,0,3,20240131,20240206,20240204,0,5,11:51:20 PM,4,6,13,23,5,0,65,115,50,25,0
152,134,49,2,0,3,20240131,20240206,20240206,0,6,2:23:46 PM,6,6,9,15,16,0,144,240,96,15,0
153,114,24,59,2,3,20240201,20240211,20240211,0,1,10:22:15 AM,10,10,13,23,15,106.95,195,239,44,10,0
153,153,24,59,2,3,20240201,20240211,20240211,0,1,10:22:15 AM,10,10,26,39,10,120.9,260,270,10,10,0
153,14,24,59,2,3,20240201,20240211,20240211,0,1,10:22:15 AM,10,10,20,33,6,61.38,120,137,17,10,0
153,100,24,59,2,3,20240201,20240211,20240211,0,1,10:22:15 AM,10,10,17,27,6,50.22,102,112,10,10,0
153,156,24,59,2,3,20240201,20240211,20240211,0,1,10:22:15 AM,10,10,18,29,1,8.99,18,21,3,10,0
154,106,72,9,2,2,20240201,20240207,20240204,0,6,11:28:34 PM,3,6,22,32,8,79.36,176,177,1,20,0
155,155,39,52,2,2,20240201,20240206,20240205,0,4,2:58:08 AM,4,5,6,11,3,10.23,18,23,5,15,0
155,26,39,52,2,2,20240201,20240206,20240205,0,4,2:58:08 AM,4,5,19,32,11,109.12,209,243,34,15,0
155,27,39,52,2,2,20240201,20240206,20240205,0,4,2:58:08 AM,4,5,21,37,2,22.94,42,52,10,15,0
156,68,97,16,2,4,20240202,20240207,20240204,0,1,7:32:20 PM,2,5,6,10,1,3.1,6,7,1,10,0
156,96,97,16,2,4,20240202,20240207,20240204,0,1,7:32:20 PM,2,5,14,23,14,99.82,196,223,27,10,0
157,154,19,1,2,5,20240202,20240211,20240210,0,5,10:51:31 AM,8,9,10,16,13,64.48,130,144,14,5,0
157,57,19,1,2,5,20240202,20240211,20240210,0,5,10:51:31 AM,8,9,26,42,5,65.1,130,145,15,5,0
157,38,19,1,2,5,20240202,20240211,20240210,0,5,10:51:31 AM,8,9,20,36,5,55.8,100,125,25,5,0
158,31,6,67,2,1,20240202,20240207,20240205,0,4,5:17:49 AM,3,5,21,32,2,19.84,42,45,3,20,0
158,61,6,67,2,1,20240202,20240207,20240205,0,4,5:17:49 AM,3,5,13,20,2,12.4,26,28,2,20,0
159,35,44,32,2,1,20240202,20240208,20240207,0,5,3:31:03 PM,5,6,7,12,8,29.76,56,67,11,20,0
159,138,44,32,2,1,20240202,20240208,20240207,0,5,3:31:03 PM,5,6,29,50,1,15.5,29,35,6,20,0
159,105,44,32,2,1,20240202,20240208,20240207,0,5,3:31:03 PM,5,6,14,21,11,71.61,154,160,6,20,0
159,87,44,32,2,1,20240202,20240208,20240207,0,5,3:31:03 PM,5,6,21,28,16,138.88,336,310,-26,20,0
160,135,60,40,2,2,20240202,20240209,20240206,0,3,11:40:01 AM,4,7,18,32,7,69.44,126,155,29,15,0
160,114,60,40,2,2,20240202,20240209,20240206,0,3,11:40:01 AM,4,7,13,23,5,35.65,65,80,15,15,0
161,34,2,16,2,3,20240203,20240211,20240210,0,6,6:07:04 PM,7,8,6,9,12,33.48,72,75,3,15,0
161,91,2,16,2,3,20240203,20240211,20240210,0,6,6:07:04 PM,7,8,28,42,15,195.3,420,435,15,15,0
161,55,2,16,2,3,20240203,20240211,20240210,0,6,6:07:04 PM,7,8,6,11,4,13.64,24,31,7,15,0
162,91,57,12,2,3,20240203,20240209,20240210,0,2,10:53:36 PM,7,6,28,42,9,117.18,252,261,9,25,0
162,122,57,12,2,3,20240203,20240209,20240210,0,2,10:53:36 PM,7,6,14,23,18,128.34,252,286,34,25,0
162,81,57,12,2,3,20240203,20240209,20240210,0,2,10:53:36 PM,7,6,28,40,2,24.8,56,56,0,25,0
163,94,81,57,2,5,20240203,20240213,20240212,0,2,3:54:23 AM,9,10,5,9,18,50.22,90,112,22,20,0
164,122,1,13,2,4,20240203,20240210,20240209,0,3,6:37:25 AM,6,7,14,23,16,114.08,224,254,30,10,0
165,66,19,40,2,2,20240203,20240212,20240211,0,5,7:07:08 PM,8,9,16,28,12,104.16,192,232,40,15,0
165,19,19,40,2,2,20240203,20240212,20240211,0,5,7:07:08 PM,8,9,23,31,9,86.49,207,193,-14,15,0
166,60,48,70,2,3,20240203,20240209,20240206,0,3,7:01:43 PM,3,6,26,39,14,169.26,364,377,13,20,0
166,104,48,70,2,3,20240203,20240209,20240206,0,3,7:01:43 PM,3,6,17,28,16,138.88,272,310,38,20,0
167,102,22,26,2,5,20240203,20240212,20240212,0,5,11:53:04 PM,9,9,15,21,1,6.51,15,15,0,5,0
167,3,22,26,2,5,20240203,20240212,20240212,0,5,11:53:04 PM,9,9,26,36,14,156.24,364,348,-16,5,0
168,15,77,28,2,5,20240203,20240211,20240210,0,2,8:33:42 PM,7,8,27,37,3,34.41,81,77,-4,25,0
168,54,77,28,2,5,20240203,20240211,20240210,0,2,8:33:42 PM,7,8,9,14,7,30.38,63,68,5,25,0
169,65,17,46,2,2,20240204,20240214,20240214,0,5,1:56:24 AM,10,10,4,6,15,27.9,60,63,3,10,0
169,12,17,46,2,2,20240204,20240214,20240214,0,5,1:56:24 AM,10,10,23,33,12,122.76,276,274,-2,10,0
170,141,32,53,2,1,20240204,20240214,20240214,0,1,9:55:25 PM,10,10,11,19,1,5.89,11,14,3,25,0
171,30,61,11,2,6,20240204,20240214,20240214,0,2,1:01:40 AM,10,10,20,30,14,130.2,280,290,10,20,0
171,51,61,11,2,6,20240204,20240214,20240214,0,2,1:01:40 AM,10,10,27,41,10,127.1,270,283,13,20,0
171,72,61,11,2,6,20240204,20240214,20240214,0,2,1:01:40 AM,10,10,23,38,6,70.68,138,158,20,20,0
172,76,73,66,2,2,20240204,20240212,20240209,0,2,4:26:03 PM,5,8,19,28,12,104.16,228,232,4,25,0
172,152,73,66,2,2,20240204,20240212,20240209,0,2,4:26:03 PM,5,8,20,27,5,41.85,100,94,-6,25,0
172,111,73,66,2,2,20240204,20240212,20240209,0,2,4:26:03 PM,5,8,7,13,8,32.24,56,72,16,25,0
173,39,1,10,2,5,20240204,20240212,20240212,0,6,11:00:34 AM,8,8,20,34,16,168.64,320,376,56,15,0
173,120,1,10,2,5,20240204,20240212,20240212,0,6,11:00:34 AM,8,8,24,34,10,105.4,240,235,-5,15,0
173,134,1,10,2,5,20240204,20240212,20240212,0,6,11:00:34 AM,8,8,9,15,13,60.45,117,135,18,15,0
174,50,68,12,2,5,20240205,20240212,20240209,0,1,5:26:27 PM,4,7,8,13,16,64.48,128,144,16,20,0
174,71,68,12,2,5,20240205,20240212,20240209,0,1,5:26:27 PM,4,7,11,18,11,61.38,121,137,16,20,0
174,77,68,12,2,5,20240205,20240212,20240209,0,1,5:26:27 PM,4,7,27,49,16,243.04,432,541,109,20,0
174,136,68,12,2,5,20240205,20240212,20240209,0,1,5:26:27 PM,4,7,21,35,18,195.3,378,435,57,20,0
175,22,47,72,2,3,20240205,20240212,20240210,0,6,9:35:18 PM,5,7,29,39,16,193.44,464,431,-33,25,0
175,147,47,72,2,3,20240205,20240212,20240210,0,6,9:35:18 PM,5,7,7,11,7,23.87,49,54,5,25,0
176,150,58,12,2,3,20240205,20240213,20240213,0,3,7:41:37 AM,8,8,4,7,1,2.17,4,5,1,5,0
177,16,69,61,2,5,20240205,20240215,20240214,0,6,10:21:30 PM,9,10,19,30,5,46.5,95,104,9,15,0
177,5,69,61,2,5,20240205,20240215,20240214,0,6,10:21:30 PM,9,10,8,12,12,44.64,96,100,4,15,0
177,19,69,61,2,5,20240205,20240215,20240214,0,6,10:21:30 PM,9,10,23,31,3,28.83,69,65,-4,15,0
178,51,14,42,2,2,20240205,20240215,20240214,0,3,9:02:37 PM,9,10,27,41,13,165.23,351,368,17,20,0
179,138,5,42,2,3,20240205,20240210,20240210,0,4,12:46:49 PM,5,5,29,50,12,186,348,414,66,5,0
179,3,5,42,2,3,20240205,20240210,20240210,0,4,12:46:49 PM,5,5,26,36,9,100.44,234,224,-10,5,0
179,10,5,42,2,3,20240205,20240210,20240210,0,4,12:46:49 PM,5,5,21,29,8,71.92,168,161,-7,5,0
180,154,93,44,2,5,20240205,20240215,20240215,0,4,11:29:10 AM,10,10,10,16,18,89.28,180,199,19,25,0
181,69,64,50,2,4,20240206,20240216,20240217,0,1,11:24:28 AM,11,10,7,11,13,44.33,91,99,8,15,0
181,29,64,50,2,4,20240206,20240216,20240217,0,1,11:24:28 AM,11,10,5,8,13,32.24,65,72,7,15,0
182,25,67,54,2,5,20240206,20240212,20240211,0,4,7:15:39 PM,5,6,6,9,7,19.53,42,44,2,15,0
183,123,58,61,2,6,20240206,20240215,20240216,0,1,10:57:36 AM,10,9,15,23,13,92.69,195,207,12,5,0
183,159,58,61,2,6,20240206,20240215,20240216,0,1,10:57:36 AM,10,9,11,15,12,55.8,132,125,-7,5,0
183,91,58,61,2,6,20240206,20240215,20240216,0,1,10:57:36 AM,10,9,28,42,9,117.18,252,261,9,5,0
183,1,58,61,2,6,20240206,20240215,20240216,0,1,10:57:36 AM,10,9,9,16,13,64.48,117,144,27,5,0
184,101,92,47,2,2,20240206,20240216,20240213,0,3,9:54:25 PM,7,10,25,45,9,125.55,225,280,55,15,0
184,43,92,47,2,2,20240206,20240216,20240213,0,3,9:54:25 PM,7,10,9,16,14,69.44,126,155,29,15,0
185,93,88,57,2,1,20240206,20240213,20240214,0,2,12:19:53 PM,8,7,6,9,15,41.85,90,94,4,5,0
186,46,50,32,2,2,20240206,20240214,20240212,0,5,11:09:19 AM,6,8,12,19,7,41.23,84,92,8,25,0
186,32,50,32,2,2,20240206,20240214,20240212,0,5,11:09:19 AM,6,8,21,34,4,42.16,84,94,10,25,0
186,123,50,32,2,2,20240206,20240214,20240212,0,5,11:09:19 AM,6,8,15,23,8,57.04,120,127,7,25,0
187,130,72,70,0,4,20240207,20240213,20240211,0,5,6:21:04 AM,4,6,10,18,5,0,50,90,40,10,0
188,119,69,11,0,6,20240207,20240217,20240214,0,4,6:38:26 PM,7,10,19,29,3,0,57,87,30,25,0
188,137,69,11,0,6,20240207,20240217,20240214,0,4,6:38:26 PM,7,10,25,37,2,0,50,74,24,25,0
188,70,69,11,0,6,20240207,20240217,20240214,0,4,6:38:26 PM,7,10,18,28,1,0,18,28,10,25,0
188,94,69,11,0,6,20240207,20240217,20240214,0,4,6:38:26 PM,7,10,5,9,3,0,15,27,12,25,0
188,47,69,11,0,6,20240207,20240217,20240214,0,4,6:38:26 PM,7,10,22,34,8,0,176,272,96,25,0
189,131,54,20,0,2,20240207,20240216,20240215,0,4,4:01:03 AM,8,9,9,13,11,0,99,143,44,10,0
189,10,54,20,0,2,20240207,20240216,20240215,0,4,4:01:03 AM,8,9,21,29,17,0,357,493,136,10,0
189,149,54,20,0,2,20240207,20240216,20240215,0,4,4:01:03 AM,8,9,22,31,3,0,66,93,27,10,0
189,108,54,20,0,2,20240207,20240216,20240215,0,4,4:01:03 AM,8,9,13,18,16,0,208,288,80,10,0
190,87,10,2,0,4,20240207,20240216,20240214,0,1,10:18:01 AM,7,9,21,28,17,0,357,476,119,25,0
190,20,10,2,0,4,20240207,20240216,20240214,0,1,10:18:01 AM,7,9,21,35,6,0,126,210,84,25,0
191,45,71,42,0,3,20240207,20240217,20240217,0,6,9:52:40 AM,10,10,7,11,15,0,105,165,60,25,0
191,58,71,42,0,3,20240207,20240217,20240217,0,6,9:52:40 AM,10,10,25,45,11,0,275,495,220,25,0
192,157,95,3,0,6,20240207,20240214,20240211,0,3,9:24:06 PM,4,7,8,15,10,0,80,150,70,5,0
192,38,95,3,0,6,20240207,20240214,20240211,0,3,9:24:06 PM,4,7,20,36,1,0,20,36,16,5,0
193,13,74,68,0,3,20240208,20240213,20240212,0,4,5:14:05 PM,4,5,13,18,14,0,182,252,70,5,0
193,120,74,68,0,3,20240208,20240213,20240212,0,4,5:14:05 PM,4,5,24,34,10,0,240,340,100,5,0
193,146,74,68,0,3,20240208,20240213,20240212,0,4,5:14:05 PM,4,5,17,31,16,0,272,496,224,5,0
193,45,74,68,0,3,20240208,20240213,20240212,0,4,5:14:05 PM,4,5,7,11,4,0,28,44,16,5,0
194,43,66,54,0,3,20240208,20240213,20240211,0,1,2:15:15 AM,3,5,9,16,8,0,72,128,56,10,0
194,130,66,54,0,3,20240208,20240213,20240211,0,1,2:15:15 AM,3,5,10,18,7,0,70,126,56,10,0
194,33,66,54,0,3,20240208,20240213,20240211,0,1,2:15:15 AM,3,5,28,44,14,0,392,616,224,10,0
195,74,9,31,0,5,20240208,20240215,20240212,0,4,12:23:58 AM,4,7,10,17,17,0,170,289,119,10,0
196,32,39,20,0,2,20240208,20240218,20240218,0,2,7:06:56 AM,10,10,21,34,10,0,210,340,130,5,0
197,46,74,25,0,2,20240208,20240213,20240211,0,1,12:03:52 PM,3,5,12,19,13,0,156,247,91,10,0
197,45,74,25,0,2,20240208,20240213,20240211,0,1,12:03:52 PM,3,5,7,11,3,0,21,33,12,10,0
198,84,21,8,0,4,20240208,20240217,20240216,0,4,7:11:14 PM,8,9,21,29,12,0,252,348,96,15,0
198,14,21,8,0,4,20240208,20240217,20240216,0,4,7:11:14 PM,8,9,20,33,15,0,300,495,195,15,0
199,107,57,25,0,2,20240209,20240219,20240219,0,6,11:37:35 PM,10,10,28,49,3,0,84,147,63,20,0
200,26,11,42,0,6,20240209,20240216,20240214,0,2,1:37:05 PM,5,7,19,32,18,0,342,576,234,5,0
200,20,11,42,0,6,20240209,20240216,20240214,0,2,1:37:05 PM,5,7,21,35,18,0,378,630,252,5,0
200,28,11,42,0,6,20240209,20240216,20240214,0,2,1:37:05 PM,5,7,28,50,15,0,420,750,330,5,0
200,106,11,42,0,6,20240209,20240216,20240214,0,2,1:37:05 PM,5,7,22,32,12,0,264,384,120,5,0
201,146,74,18,0,5,20240209,20240217,20240216,0,3,3:13:25 AM,7,8,17,31,1,0,17,31,14,25,0
201,25,74,18,0,5,20240209,20240217,20240216,0,3,3:13:25 AM,7,8,6,9,15,0,90,135,45,25,0
201,56,74,18,0,5,20240209,20240217,20240216,0,3,3:13:25 AM,7,8,14,22,16,0,224,352,128,25,0
201,128,74,18,0,5,20240209,20240217,20240216,0,3,3:13:25 AM,7,8,19,30,10,0,190,300,110,25,0
202,67,91,63,0,1,20240209,20240215,20240212,0,3,3:11:04 PM,3,6,10,15,1,0,10,15,5,5,0
202,68,91,63,0,1,20240209,20240215,20240212,0,3,3:11:04 PM,3,6,6,10,14,0,84,140,56,5,0
202,159,91,63,0,1,20240209,20240215,20240212,0,3,3:11:04 PM,3,6,11,15,5,0,55,75,20,5,0
203,13,26,10,0,1,20240209,20240219,20240217,0,2,11:36:14 AM,8,10,13,18,7,0,91,126,35,5,0
204,142,45,69,0,2,20240209,20240219,20240220,0,6,11:43:13 PM,11,10,24,39,7,0,168,273,105,10,0
205,65,28,33,0,6,20240210,20240219,20240217,0,5,7:07:43 AM,7,9,4,6,16,0,64,96,32,10,0
205,35,28,33,0,6,20240210,20240219,20240217,0,5,7:07:43 AM,7,9,7,12,4,0,28,48,20,10,0
205,8,28,33,0,6,20240210,20240219,20240217,0,5,7:07:43 AM,7,9,11,16,6,0,66,96,30,10,0
205,61,28,33,0,6,20240210,20240219,20240217,0,5,7:07:43 AM,7,9,13,20,3,0,39,60,21,10,0
206,89,67,41,0,5,20240210,20240219,20240216,0,3,11:29:25 PM,6,9,13,19,12,0,156,228,72,25,0
206,116,67,41,0,5,20240210,20240219,20240216,0,3,11:29:25 PM,6,9,22,37,8,0,176,296,120,25,0
206,145,67,41,0,5,20240210,20240219,20240216,0,3,11:29:25 PM,6,9,20,34,16,0,320,544,224,25,0
207,147,83,35,0,5,20240210,20240220,20240217,0,2,2:42:22 PM,7,10,7,11,8,0,56,88,32,15,0
207,59,83,35,0,5,20240210,20240220,20240217,0,2,2:42:22 PM,7,10,24,41,6,0,144,246,102,15,0
208,68,12,47,0,3,20240210,20240217,20240216,0,3,10:57:51 PM,6,7,6,10,13,0,78,130,52,25,0
208,49,12,47,0,3,20240210,20240217,20240216,0,3,10:57:51 PM,6,7,12,19,8,0,96,152,56,25,0
208,42,12,47,0,3,20240210,20240217,20240216,0,3,10:57:51 PM,6,7,23,36,5,0,115,180,65,25,0
209,128,38,41,0,4,20240210,20240215,20240215,0,6,1:41:51 AM,5,5,19,30,12,0,228,360,132,20,0
209,32,38,41,0,4,20240210,20240215,20240215,0,6,1:41:51 AM,5,5,21,34,13,0,273,442,169,20,0
210,79,17,67,0,1,20240210,20240220,20240219,0,6,11:11:06 AM,9,10,7,12,6,0,42,72,30,25,0
210,69,17,67,0,1,20240210,20240220,20240219,0,6,11:11:06 AM,9,10,7,11,14,0,98,154,56,25,0
210,43,17,67,0,1,20240210,20240220,20240219,0,6,11:11:06 AM,9,10,9,16,15,0,135,240,105,25,0
210,34,17,67,0,1,20240210,20240220,20240219,0,6,11:11:06 AM,9,10,6,9,2,0,12,18,6,25,0
210,21,17,67,0,1,20240210,20240220,20240219,0,6,11:11:06 AM,9,10,21,33,6,0,126,198,72,25,0
211,136,98,34,0,6,20240210,20240217,20240218,0,1,5:03:03 AM,8,7,21,35,9,0,189,315,126,5,0
211,34,98,34,0,6,20240210,20240217,20240218,0,1,5:03:03 AM,8,7,6,9,11,0,66,99,33,5,0
211,27,98,34,0,6,20240210,20240217,20240218,0,1,5:03:03 AM,8,7,21,37,3,0,63,111,48,5,0
211,19,98,34,0,6,20240210,20240217,20240218,0,1,5:03:03 AM,8,7,23,31,5,0,115,155,40,5,0
212,74,17,36,0,2,20240211,20240221,20240222,0,2,1:28:29 PM,11,10,10,17,9,0,90,153,63,20,0
212,34,17,36,0,2,20240211,20240221,20240222,0,2,1:28:29 PM,11,10,6,9,12,0,72,108,36,20,0
212,127,17,36,0,2,20240211,20240221,20240222,0,2,1:28:29 PM,11,10,19,27,4,0,76,108,32,20,0
213,80,84,18,0,2,20240211,20240219,20240220,0,5,8:23:25 PM,9,8,9,16,11,0,99,176,77,5,0
214,83,88,44,0,6,20240211,20240220,20240219,0,1,11:29:13 AM,8,9,25,37,16,0,400,592,192,15,0
215,65,78,18,0,6,20240211,20240220,20240219,0,1,4:11:42 AM,8,9,4,6,14,0,56,84,28,25,0
215,50,78,18,0,6,20240211,20240220,20240219,0,1,4:11:42 AM,8,9,8,13,2,0,16,26,10,25,0
215,37,78,18,0,6,20240211,20240220,20240219,0,1,4:11:42 AM,8,9,12,21,1,0,12,21,9,25,0
216,16,46,43,0,6,20240211,20240220,20240221,0,6,1:25:28 AM,10,9,19,30,1,0,19,30,11,10,0
217,125,86,14,0,2,20240211,20240221,20240221,0,5,9:04:19 AM,10,10,9,17,4,0,36,68,32,20,0
217,110,86,14,0,2,20240211,20240221,20240221,0,5,9:04:19 AM,10,10,7,12,4,0,28,48,20,20,0
217,140,86,14,0,2,20240211,20240221,20240221,0,5,9:04:19 AM,10,10,16,22,9,0,144,198,54,20,0
217,11,86,14,0,2,20240211,20240221,20240221,0,5,9:04:19 AM,10,10,24,39,1,0,24,39,15,20,0
218,6,30,17,0,1,20240212,20240220,20240221,0,5,1:20:27 AM,9,8,12,19,8,0,96,152,56,5,0
218,24,30,17,0,1,20240212,20240220,20240221,0,5,1:20:27 AM,9,8,19,30,10,0,190,300,110,5,0
218,44,30,17,0,1,20240212,20240220,20240221,0,5,1:20:27 AM,9,8,13,17,8,0,104,136,32,5,0
219,52,6,37,0,2,20240212,20240220,20240218,0,3,7:59:51 PM,6,8,26,43,15,0,390,645,255,20,0
219,89,6,37,0,2,20240212,20240220,20240218,0,3,7:59:51 PM,6,8,13,19,15,0,195,285,90,20,0
220,77,33,25,0,1,20240212,20240222,20240219,0,1,2:23:02 PM,7,10,27,49,1,0,27,49,22,25,0
220,97,33,25,0,1,20240212,20240222,20240219,0,1,2:23:02 PM,7,10,13,20,9,0,117,180,63,25,0
220,158,33,25,0,1,20240212,20240222,20240219,0,1,2:23:02 PM,7,10,4,6,7,0,28,42,14,25,0
221,21,73,6,0,3,20240212,20240221,20240218,0,2,5:01:59 PM,6,9,21,33,12,0,252,396,144,5,0
222,72,24,17,0,6,20240212,20240221,20240221,0,6,10:51:40 AM,9,9,23,38,10,0,230,380,150,25,0
223,160,85,12,0,2,20240212,20240221,20240222,0,1,1:50:44 PM,10,9,4,6,6,0,24,36,12,15,0
223,43,85,12,0,2,20240212,20240221,20240222,0,1,1:50:44 PM,10,9,9,16,10,0,90,160,70,15,0
223,5,85,12,0,2,20240212,20240221,20240222,0,1,1:50:44 PM,10,9,8,12,8,0,64,96,32,15,0
224,61,40,72,0,6,20240213,20240221,20240222,0,3,3:32:00 PM,9,8,13,20,15,0,195,300,105,10,0
225,120,14,53,0,3,20240213,20240221,20240222,0,3,6:58:17 PM,9,8,24,34,11,0,264,374,110,10,0
225,148,14,53,0,3,20240213,20240221,20240222,0,3,6:58:17 PM,9,8,6,10,3,0,18,30,12,10,0
226,77,98,31,0,3,20240213,20240218,20240215,0,3,2:54:08 PM,2,5,27,49,18,0,486,882,396,20,0
227,147,5,8,0,3,20240213,20240223,20240224,0,5,1:18:25 PM,11,10,7,11,17,0,119,187,68,25,0
227,9,5,8,0,3,20240213,20240223,20240224,0,5,1:18:25 PM,11,10,22,34,13,0,286,442,156,25,0
227,8,5,8,0,3,20240213,20240223,20240224,0,5,1:18:25 PM,11,10,11,16,8,0,88,128,40,25,0
228,9,78,70,0,5,20240213,20240219,20240217,0,5,9:07:25 PM,4,6,22,34,12,0,264,408,144,15,0
228,47,78,70,0,5,20240213,20240219,20240217,0,5,9:07:25 PM,4,6,22,34,6,0,132,204,72,15,0
228,92,78,70,0,5,20240213,20240219,20240217,0,5,9:07:25 PM,4,6,14,20,4,0,56,80,24,15,0
228,28,78,70,0,5,20240213,20240219,20240217,0,5,9:07:25 PM,4,6,28,50,4,0,112,200,88,15,0
229,128,9,21,0,2,20240213,20240218,20240218,0,1,9:02:28 AM,5,5,19,30,1,0,19,30,11,20,0
230,23,85,9,0,3,20240214,20240219,20240219,0,5,4:21:05 AM,5,5,18,31,10,0,180,310,130,25,0
230,41,85,9,0,3,20240214,20240219,20240219,0,5,4:21:05 AM,5,5,24,39,4,0,96,156,60,25,0
230,85,85,9,0,3,20240214,20240219,20240219,0,5,4:21:05 AM,5,5,13,23,12,0,156,276,120,25,0
230,134,85,9,0,3,20240214,20240219,20240219,0,5,4:21:05 AM,5,5,9,15,16,0,144,240,96,25,0
231,41,13,22,0,2,20240214,20240221,20240218,0,3,7:21:29 AM,4,7,24,39,9,0,216,351,135,10,0
231,110,13,22,0,2,20240214,20240221,20240218,0,3,7:21:29 AM,4,7,7,12,3,0,21,36,15,10,0
231,35,13,22,0,2,20240214,20240221,20240218,0,3,7:21:29 AM,4,7,7,12,2,0,14,24,10,10,0
232,57,50,20,0,1,20240214,20240223,20240223,0,1,5:51:53 PM,9,9,26,42,11,0,286,462,176,15,0
233,141,93,23,0,3,20240214,20240222,20240222,0,5,3:37:18 PM,8,8,11,19,16,0,176,304,128,25,0
233,7,93,23,0,3,20240214,20240222,20240222,0,5,3:37:18 PM,8,8,19,30,18,0,342,540,198,25,0
233,146,93,23,0,3,20240214,20240222,20240222,0,5,3:37:18 PM,8,8,17,31,5,0,85,155,70,25,0
234,49,53,51,0,1,20240214,20240222,20240219,0,5,6:48:44 AM,5,8,12,19,6,0,72,114,42,25,0
234,113,53,51,0,1,20240214,20240222,20240219,0,5,6:48:44 AM,5,8,25,40,2,0,50,80,30,25,0
235,154,77,35,0,2,20240214,20240222,20240223,0,4,5:40:21 AM,9,8,10,16,17,0,170,272,102,10,0
235,153,77,35,0,2,20240214,20240222,20240223,0,4,5:40:21 AM,9,8,26,39,3,0,78,117,39,10,0
235,45,77,35,0,2,20240214,20240222,20240223,0,4,5:40:21 AM,9,8,7,11,8,0,56,88,32,10,0
236,157,50,58,0,2,20240215,20240224,20240221,0,1,9:33:36 AM,6,9,8,15,7,0,56,105,49,20,0
236,85,50,58,0,2,20240215,20240224,20240221,0,1,9:33:36 AM,6,9,13,23,8,0,104,184,80,20,0
236,41,50,58,0,2,20240215,20240224,20240221,0,1,9:33:36 AM,6,9,24,39,6,0,144,234,90,20,0
237,109,44,37,0,2,20240215,20240223,20240222,0,4,10:54:33 AM,7,8,17,31,2,0,34,62,28,15,0
237,19,44,37,0,2,20240215,20240223,20240222,0,4,10:54:33 AM,7,8,23,31,5,0,115,155,40,15,0
238,143,6,48,0,4,20240215,20240221,20240218,0,1,4:25:54 AM,3,6,14,23,11,0,154,253,99,15,0
238,102,6,48,0,4,20240215,20240221,20240218,0,1,4:25:54 AM,3,6,15,21,15,0,225,315,90,15,0
238,82,6,48,0,4,20240215,20240221,20240218,0,1,4:25:54 AM,3,6,16,24,10,0,160,240,80,15,0
239,2,55,67,0,3,20240215,20240225,20240224,0,1,3:32:30 PM,9,10,21,34,10,0,210,340,130,15,0
240,38,74,19,0,1,20240215,20240220,20240219,0,4,11:46:11 AM,4,5,20,36,7,0,140,252,112,10,0
240,152,74,19,0,1,20240215,20240220,20240219,0,4,11:46:11 AM,4,5,20,27,4,0,80,108,28,10,0
240,71,74,19,0,1,20240215,20240220,20240219,0,4,11:46:11 AM,4,5,11,18,4,0,44,72,28,10,0
240,27,74,19,0,1,20240215,20240220,20240219,0,4,11:46:11 AM,4,5,21,37,10,0,210,370,160,10,0
241,115,91,17,0,6,20240215,20240223,20240222,0,1,9:21:20 AM,7,8,21,38,17,0,357,646,289,20,0
242,33,37,34,0,6,20240215,20240220,20240219,0,2,1:14:53 PM,4,5,28,44,16,0,448,704,256,25,0
242,22,37,34,0,6,20240215,20240220,20240219,0,2,1:14:53 PM,4,5,29,39,1,0,29,39,10,25,0
242,7,37,34,0,6,20240215,20240220,20240219,0,2,1:14:53 PM,4,5,19,30,9,0,171,270,99,25,0
242,60,37,34,0,6,20240215,20240220,20240219,0,2,1:14:53 PM,4,5,26,39,12,0,312,468,156,25,0
242,66,37,34,0,6,20240215,20240220,20240219,0,2,1:14:53 PM,4,5,16,28,6,0,96,168,72,25,0
243,132,52,59,0,6,20240216,20240226,20240225,0,5,2:55:30 PM,9,10,4,6,10,0,40,60,20,15,0
243,35,52,59,0,6,20240216,20240226,20240225,0,5,2:55:30 PM,9,10,7,12,8,0,56,96,40,15,0
243,36,52,59,0,6,20240216,20240226,20240225,0,5,2:55:30 PM,9,10,16,25,5,0,80,125,45,15,0
243,102,52,59,0,6,20240216,20240226,20240225,0,5,2:55:30 PM,9,10,15,21,7,0,105,147,42,15,0
243,22,52,59,0,6,20240216,20240226,20240225,0,5,2:55:30 PM,9,10,29,39,15,0,435,585,150,15,0
244,64,26,33,0,6,20240216,20240226,20240226,0,5,7:25:17 AM,10,10,16,24,7,0,112,168,56,15,0
244,26,26,33,0,6,20240216,20240226,20240226,0,5,7:25:17 AM,10,10,19,32,6,0,114,192,78,15,0
244,43,26,33,0,6,20240216,20240226,20240226,0,5,7:25:17 AM,10,10,9,16,16,0,144,256,112,15,0
245,87,8,3,0,5,20240216,20240221,20240222,0,3,4:34:13 PM,6,5,21,28,5,0,105,140,35,15,0
245,39,8,3,0,5,20240216,20240221,20240222,0,3,4:34:13 PM,6,5,20,34,5,0,100,170,70,15,0
246,62,32,51,0,5,20240216,20240224,20240223,0,3,3:21:07 AM,7,8,12,21,3,0,36,63,27,10,0
246,56,32,51,0,5,20240216,20240224,20240223,0,3,3:21:07 AM,7,8,14,22,8,0,112,176,64,10,0
246,112,32,51,0,5,20240216,20240224,20240223,0,3,3:21:07 AM,7,8,5,8,9,0,45,72,27,10,0
246,29,32,51,0,5,20240216,20240224,20240223,0,3,3:21:07 AM,7,8,5,8,16,0,80,128,48,10,0
246,110,32,51,0,5,20240216,20240224,20240223,0,3,3:21:07 AM,7,8,7,12,18,0,126,216,90,10,0
247,83,94,24,0,3,20240216,20240226,20240226,0,6,3:42:08 AM,10,10,25,37,4,0,100,148,48,10,0
247,106,94,24,0,3,20240216,20240226,20240226,0,6,3:42:08 AM,10,10,22,32,1,0,22,32,10,10,0
247,48,94,24,0,3,20240216,20240226,20240226,0,6,3:42:08 AM,10,10,27,47,7,0,189,329,140,10,0
248,131,53,68,0,4,20240216,20240224,20240225,0,4,8:31:52 PM,9,8,9,13,13,0,117,169,52,15,0
248,26,53,68,0,4,20240216,20240224,20240225,0,4,8:31:52 PM,9,8,19,32,12,0,228,384,156,15,0
248,117,53,68,0,4,20240216,20240224,20240225,0,4,8:31:52 PM,9,8,10,15,14,0,140,210,70,15,0
249,47,26,16,0,3,20240217,20240222,20240219,0,3,12:39:35 PM,2,5,22,34,16,0,352,544,192,5,0
249,35,26,16,0,3,20240217,20240222,20240219,0,3,12:39:35 PM,2,5,7,12,14,0,98,168,70,5,0
249,142,26,16,0,3,20240217,20240222,20240219,0,3,12:39:35 PM,2,5,24,39,6,0,144,234,90,5,0
250,72,93,61,0,5,20240217,20240227,20240228,0,5,4:10:46 AM,11,10,23,38,1,0,23,38,15,25,0
250,83,93,61,0,5,20240217,20240227,20240228,0,5,4:10:46 AM,11,10,25,37,18,0,450,666,216,25,0
251,155,71,6,0,2,20240217,20240225,20240222,0,4,12:04:13 PM,5,8,6,11,1,0,6,11,5,10,0
251,84,71,6,0,2,20240217,20240225,20240222,0,4,12:04:13 PM,5,8,21,29,8,0,168,232,64,10,0
251,56,71,6,0,2,20240217,20240225,20240222,0,4,12:04:13 PM,5,8,14,22,3,0,42,66,24,10,0
252,28,2,55,0,6,20240217,20240225,20240225,0,6,7:11:34 PM,8,8,28,50,17,0,476,850,374,15,0
253,105,25,70,0,6,20240217,20240225,20240222,0,4,9:47:24 PM,5,8,14,21,9,0,126,189,63,10,0
253,9,25,70,0,6,20240217,20240225,20240222,0,4,9:47:24 PM,5,8,22,34,3,0,66,102,36,10,0
253,143,25,70,0,6,20240217,20240225,20240222,0,4,9:47:24 PM,5,8,14,23,2,0,28,46,18,10,0
253,36,25,70,0,6,20240217,20240225,20240222,0,4,9:47:24 PM,5,8,16,25,17,0,272,425,153,10,0
254,3,92,23,0,1,20240217,20240227,20240224,0,4,7:04:27 AM,7,10,26,36,3,0,78,108,30,5,0
254,156,92,23,0,1,20240217,20240227,20240224,0,4,7:04:27 AM,7,10,18,29,17,0,306,493,187,5,0
254,43,92,23,0,1,20240217,20240227,20240224,0,4,7:04:27 AM,7,10,9,16,8,0,72,128,56,5,0
254,71,92,23,0,1,20240217,20240227,20240224,0,4,7:04:27 AM,7,10,11,18,8,0,88,144,56,5,0
255,20,64,28,0,4,20240218,20240224,20240224,0,3,1:53:33 PM,6,6,21,35,18,0,378,630,252,25,0
255,141,64,28,0,4,20240218,20240224,20240224,0,3,1:53:33 PM,6,6,11,19,8,0,88,152,64,25,0
255,29,64,28,0,4,20240218,20240224,20240224,0,3,1:53:33 PM,6,6,5,8,13,0,65,104,39,25,0
255,34,64,28,0,4,20240218,20240224,20240224,0,3,1:53:33 PM,6,6,6,9,11,0,66,99,33,25,0
256,113,97,4,0,5,20240218,20240227,20240225,0,1,9:41:07 AM,7,9,25,40,16,0,400,640,240,10,0
256,106,97,4,0,5,20240218,20240227,20240225,0,1,9:41:07 AM,7,9,22,32,15,0,330,480,150,10,0
256,46,97,4,0,5,20240218,20240227,20240225,0,1,9:41:07 AM,7,9,12,19,9,0,108,171,63,10,0
257,56,77,45,0,2,20240218,20240228,20240225,0,1,3:36:30 PM,7,10,14,22,12,0,168,264,96,20,0
258,84,59,17,0,2,20240218,20240225,20240222,0,4,11:11:23 AM,4,7,21,29,13,0,273,377,104,5,0
258,55,59,17,0,2,20240218,20240225,20240222,0,4,11:11:23 AM,4,7,6,11,2,0,12,22,10,5,0
259,101,20,11,0,6,20240218,20240224,20240222,0,6,9:35:47 PM,4,6,25,45,17,0,425,765,340,15,0
259,47,20,11,0,6,20240218,20240224,20240222,0,6,9:35:47 PM,4,6,22,34,13,0,286,442,156,15,0
259,87,20,11,0,6,20240218,20240224,20240222,0,6,9:35:47 PM,4,6,21,28,10,0,210,280,70,15,0
259,26,20,11,0,6,20240218,20240224,20240222,0,6,9:35:47 PM,4,6,19,32,13,0,247,416,169,15,0
259,148,20,11,0,6,20240218,20240224,20240222,0,6,9:35:47 PM,4,6,6,10,14,0,84,140,56,15,0
260,34,84,17,0,4,20240218,20240224,20240222,0,5,11:30:32 PM,4,6,6,9,12,0,72,108,36,5,0
260,121,84,17,0,4,20240218,20240224,20240222,0,5,11:30:32 PM,4,6,6,10,6,0,36,60,24,5,0
260,71,84,17,0,4,20240218,20240224,20240222,0,5,11:30:32 PM,4,6,11,18,14,0,154,252,98,5,0
261,74,46,44,0,4,20240219,20240225,20240226,0,1,8:27:20 AM,7,6,10,17,8,0,80,136,56,25,0
261,68,46,44,0,4,20240219,20240225,20240226,0,1,8:27:20 AM,7,6,6,10,11,0,66,110,44,25,0
262,152,26,46,0,5,20240219,20240225,20240226,0,2,3:55:30 PM,7,6,20,27,2,0,40,54,14,10,0
263,71,86,53,0,5,20240219,20240228,20240226,0,6,11:46:05 AM,7,9,11,18,7,0,77,126,49,25,0
264,75,83,56,0,4,20240219,20240225,20240222,0,5,7:25:01 AM,3,6,8,13,5,0,40,65,25,20,0
264,148,83,56,0,4,20240219,20240225,20240222,0,5,7:25:01 AM,3,6,6,10,12,0,72,120,48,20,0
265,56,62,48,0,2,20240219,20240224,20240222,0,5,3:41:35 PM,3,5,14,22,3,0,42,66,24,20,0
265,80,62,48,0,2,20240219,20240224,20240222,0,5,3:41:35 PM,3,5,9,16,17,0,153,272,119,20,0
266,112,21,57,0,3,20240219,20240227,20240224,0,2,2:47:37 PM,5,8,5,8,11,0,55,88,33,25,0
267,103,6,24,0,4,20240220,20240225,20240222,0,3,3:31:29 AM,2,5,8,13,3,0,24,39,15,15,0
268,34,96,24,0,6,20240220,20240229,20240226,0,2,4:34:22 PM,6,9,6,9,12,0,72,108,36,15,0
269,70,91,64,0,2,20240220,20240227,20240224,0,2,10:47:50 PM,4,7,18,28,7,0,126,196,70,10,0
269,22,91,64,0,2,20240220,20240227,20240224,0,2,10:47:50 PM,4,7,29,39,12,0,348,468,120,10,0
269,17,91,64,0,2,20240220,20240227,20240224,0,2,10:47:50 PM,4,7,28,46,18,0,504,828,324,10,0
270,149,23,37,0,1,20240220,20240228,20240229,0,5,7:14:28 AM,9,8,22,31,18,0,396,558,162,10,0
270,81,23,37,0,1,20240220,20240228,20240229,0,5,7:14:28 AM,9,8,28,40,6,0,168,240,72,10,0
270,155,23,37,0,1,20240220,20240228,20240229,0,5,7:14:28 AM,9,8,6,11,14,0,84,154,70,10,0
271,158,68,74,0,3,20240220,20240227,20240225,0,6,5:12:37 PM,5,7,4,6,10,0,40,60,20,20,0
271,115,68,74,0,3,20240220,20240227,20240225,0,6,5:12:37 PM,5,7,21,38,4,0,84,152,68,20,0
271,59,68,74,0,3,20240220,20240227,20240225,0,6,5:12:37 PM,5,7,24,41,12,0,288,492,204,20,0
272,21,7,21,0,4,20240220,20240226,20240225,0,4,9:18:48 PM,5,6,21,33,6,0,126,198,72,25,0
273,16,56,52,0,3,20240220,20240225,20240222,0,5,1:19:49 PM,2,5,19,30,9,0,171,270,99,15,0
273,94,56,52,0,3,20240220,20240225,20240222,0,5,1:19:49 PM,2,5,5,9,7,0,35,63,28,15,0
273,153,56,52,0,3,20240220,20240225,20240222,0,5,1:19:49 PM,2,5,26,39,7,0,182,273,91,15,0
274,12,36,18,0,6,20240221,20240226,20240223,0,5,8:59:46 PM,2,5,23,33,17,0,391,561,170,10,0
275,98,2,1,0,1,20240221,20240301,20240302,0,5,1:03:59 AM,10,9,20,33,17,0,340,561,221,5,0
276,2,15,64,0,5,20240221,20240229,20240229,0,3,11:32:55 AM,8,8,21,34,11,0,231,374,143,10,0
276,67,15,64,0,5,20240221,20240229,20240229,0,3,11:32:55 AM,8,8,10,15,8,0,80,120,40,10,0
276,21,15,64,0,5,20240221,20240229,20240229,0,3,11:32:55 AM,8,8,21,33,17,0,357,561,204,10,0
277,55,71,54,0,5,20240221,20240302,20240229,0,4,1:00:16 PM,8,10,6,11,4,0,24,44,20,20,0
277,123,71,54,0,5,20240221,20240302,20240229,0,4,1:00:16 PM,8,10,15,23,18,0,270,414,144,20,0
278,159,82,62,0,6,20240221,20240229,20240227,0,2,3:56:06 PM,6,8,11,15,8,0,88,120,32,20,0
278,114,82,62,0,6,20240221,20240229,20240227,0,2,3:56:06 PM,6,8,13,23,16,0,208,368,160,20,0
278,19,82,62,0,6,20240221,20240229,20240227,0,2,3:56:06 PM,6,8,23,31,9,0,207,279,72,20,0
279,130,19,18,0,1,20240221,20240227,20240225,0,5,12:18:43 PM,4,6,10,18,10,0,100,180,80,25,0
279,23,19,18,0,1,20240221,20240227,20240225,0,5,12:18:43 PM,4,6,18,31,13,0,234,403,169,25,0
280,141,69,45,0,5,20240222,20240227,20240226,0,2,5:16:02 AM,4,5,11,19,6,0,66,114,48,15,0
280,113,69,45,0,5,20240222,20240227,20240226,0,2,5:16:02 AM,4,5,25,40,7,0,175,280,105,15,0
281,54,12,14,0,5,20240222,20240227,20240228,0,1,10:06:30 AM,6,5,9,14,11,0,99,154,55,20,0
281,108,12,14,0,5,20240222,20240227,20240228,0,1,10:06:30 AM,6,5,13,18,17,0,221,306,85,20,0
282,130,16,62,0,4,20240222,20240302,20240228,0,1,9:42:49 PM,6,9,10,18,9,0,90,162,72,15,0
282,33,16,62,0,4,20240222,20240302,20240228,0,1,9:42:49 PM,6,9,28,44,12,0,336,528,192,15,0
283,52,90,43,0,5,20240222,20240303,20240302,0,3,2:47:18 PM,9,10,26,43,17,0,442,731,289,10,0
284,21,20,12,0,4,20240222,20240228,20240228,0,4,1:07:38 PM,6,6,21,33,6,0,126,198,72,10,0
284,37,20,12,0,4,20240222,20240228,20240228,0,4,1:07:38 PM,6,6,12,21,16,0,192,336,144,10,0
284,71,20,12,0,4,20240222,20240228,20240228,0,4,1:07:38 PM,6,6,11,18,10,0,110,180,70,10,0
284,72,20,12,0,4,20240222,20240228,20240228,0,4,1:07:38 PM,6,6,23,38,7,0,161,266,105,10,0
285,159,59,47,0,4,20240222,20240301,20240302,0,5,7:52:14 AM,9,8,11,15,4,0,44,60,16,20,0
286,43,31,50,0,5,20240223,20240301,20240301,0,3,9:39:09 AM,7,7,9,16,8,0,72,128,56,25,0
287,101,58,13,0,4,20240223,20240303,20240302,0,2,3:55:36 AM,8,9,25,45,3,0,75,135,60,15,0
287,4,58,13,0,4,20240223,20240303,20240302,0,2,3:55:36 AM,8,9,24,39,17,0,408,663,255,15,0
287,85,58,13,0,4,20240223,20240303,20240302,0,2,3:55:36 AM,8,9,13,23,3,0,39,69,30,15,0
288,58,7,50,0,6,20240223,20240302,20240229,0,2,6:37:20 PM,6,8,25,45,8,0,200,360,160,5,0
288,12,7,50,0,6,20240223,20240302,20240229,0,2,6:37:20 PM,6,8,23,33,9,0,207,297,90,5,0
288,144,7,50,0,6,20240223,20240302,20240229,0,2,6:37:20 PM,6,8,18,25,13,0,234,325,91,5,0
289,109,21,53,0,2,20240223,20240303,20240301,0,1,11:21:57 AM,7,9,17,31,11,0,187,341,154,10,0
289,32,21,53,0,2,20240223,20240303,20240301,0,1,11:21:57 AM,7,9,21,34,14,0,294,476,182,10,0
290,81,73,26,0,1,20240223,20240302,20240303,0,5,2:03:26 AM,9,8,28,40,10,0,280,400,120,25,0
290,15,73,26,0,1,20240223,20240302,20240303,0,5,2:03:26 AM,9,8,27,37,17,0,459,629,170,25,0
291,74,35,31,0,3,20240223,20240229,20240226,0,3,3:31:23 PM,3,6,10,17,16,0,160,272,112,15,0
291,60,35,31,0,3,20240223,20240229,20240226,0,3,3:31:23 PM,3,6,26,39,10,0,260,390,130,15,0
291,132,35,31,0,3,20240223,20240229,20240226,0,3,3:31:23 PM,3,6,4,6,18,0,72,108,36,15,0
292,143,3,17,0,3,20240224,20240305,20240303,0,6,8:56:25 PM,8,10,14,23,12,0,168,276,108,5,0
292,85,3,17,0,3,20240224,20240305,20240303,0,6,8:56:25 PM,8,10,13,23,6,0,78,138,60,5,0
292,96,3,17,0,3,20240224,20240305,20240303,0,6,8:56:25 PM,8,10,14,23,13,0,182,299,117,5,0
292,57,3,17,0,3,20240224,20240305,20240303,0,6,8:56:25 PM,8,10,26,42,5,0,130,210,80,5,0
293,74,18,46,0,4,20240224,20240229,20240226,0,5,8:01:56 PM,2,5,10,17,4,0,40,68,28,5,0
293,50,18,46,0,4,20240224,20240229,20240226,0,5,8:01:56 PM,2,5,8,13,7,0,56,91,35,5,0
294,69,38,65,0,6,20240224,20240229,20240229,0,2,8:37:00 PM,5,5,7,11,7,0,49,77,28,5,0
295,51,29,28,0,3,20240224,20240301,20240227,0,4,1:17:47 AM,3,6,27,41,3,0,81,123,42,15,0
295,88,29,28,0,3,20240224,20240301,20240227,0,4,1:17:47 AM,3,6,29,44,10,0,290,440,150,15,0
296,98,49,6,0,2,20240224,20240305,20240304,0,4,7:01:43 AM,9,10,20,33,5,0,100,165,65,25,0
296,72,49,6,0,2,20240224,20240305,20240304,0,4,7:01:43 AM,9,10,23,38,2,0,46,76,30,25,0
296,120,49,6,0,2,20240224,20240305,20240304,0,4,7:01:43 AM,9,10,24,34,17,0,408,578,170,25,0
297,28,87,6,0,4,20240224,20240303,20240229,0,4,2:14:29 PM,5,8,28,50,11,0,308,550,242,10,0
297,82,87,6,0,4,20240224,20240303,20240229,0,4,2:14:29 PM,5,8,16,24,12,0,192,288,96,10,0
298,149,72,66,0,4,20240225,20240304,20240301,0,4,10:09:26 PM,5,8,22,31,8,0,176,248,72,10,0
298,26,72,66,0,4,20240225,20240304,20240301,0,4,10:09:26 PM,5,8,19,32,10,0,190,320,130,10,0
298,55,72,66,0,4,20240225,20240304,20240301,0,4,10:09:26 PM,5,8,6,11,14,0,84,154,70,10,0
298,131,72,66,0,4,20240225,20240304,20240301,0,4,10:09:26 PM,5,8,9,13,7,0,63,91,28,10,0
298,80,72,66,0,4,20240225,20240304,20240301,0,4,10:09:26 PM,5,8,9,16,4,0,36,64,28,10,0
299,118,44,12,0,1,20240225,20240302,20240301,0,3,10:27:15 AM,5,6,10,14,15,0,150,210,60,10,0
299,88,44,12,0,1,20240225,20240302,20240301,0,3,10:27:15 AM,5,6,29,44,15,0,435,660,225,10,0
299,51,44,12,0,1,20240225,20240302,20240301,0,3,10:27:15 AM,5,6,27,41,17,0,459,697,238,10,0
300,94,52,66,0,5,20240225,20240306,20240305,0,1,4:26:52 AM,9,10,5,9,9,0,45,81,36,15,0
300,159,52,66,0,5,20240225,20240306,20240305,0,1,4:26:52 AM,9,10,11,15,6,0,66,90,24,15,0
301,108,60,71,0,2,20240225,20240305,20240306,0,1,1:42:46 AM,10,9,13,18,14,0,182,252,70,10,0
301,40,60,71,0,2,20240225,20240305,20240306,0,1,1:42:46 AM,10,9,12,17,17,0,204,289,85,10,0
301,4,60,71,0,2,20240225,20240305,20240306,0,1,1:42:46 AM,10,9,24,39,11,0,264,429,165,10,0
301,130,60,71,0,2,20240225,20240305,20240306,0,1,1:42:46 AM,10,9,10,18,2,0,20,36,16,10,0
302,130,24,33,0,2,20240225,20240304,20240305,0,3,8:45:40 AM,9,8,10,18,6,0,60,108,48,10,0
302,134,24,33,0,2,20240225,20240304,20240305,0,3,8:45:40 AM,9,8,9,15,7,0,63,105,42,10,0
302,45,24,33,0,2,20240225,20240304,20240305,0,3,8:45:40 AM,9,8,7,11,8,0,56,88,32,10,0
303,128,96,5,0,5,20240225,20240302,20240303,0,3,9:17:38 AM,7,6,19,30,3,0,57,90,33,20,0
304,62,41,24,0,2,20240225,20240303,20240303,0,5,11:28:36 AM,7,7,12,21,6,0,72,126,54,10,0
304,143,41,24,0,2,20240225,20240303,20240303,0,5,11:28:36 AM,7,7,14,23,14,0,196,322,126,10,0
305,148,97,64,0,3,20240226,20240303,20240301,0,2,5:40:38 AM,4,6,6,10,16,0,96,160,64,5,0
305,24,97,64,0,3,20240226,20240303,20240301,0,2,5:40:38 AM,4,6,19,30,14,0,266,420,154,5,0
306,155,82,35,0,1,20240226,20240305,20240303,0,5,10:53:11 PM,6,8,6,11,11,0,66,121,55,25,0
306,109,82,35,0,1,20240226,20240305,20240303,0,5,10:53:11 PM,6,8,17,31,16,0,272,496,224,25,0
306,119,82,35,0,1,20240226,20240305,20240303,0,5,10:53:11 PM,6,8,19,29,8,0,152,232,80,25,0
306,125,82,35,0,1,20240226,20240305,20240303,0,5,10:53:11 PM,6,8,9,17,16,0,144,272,128,25,0
306,102,82,35,0,1,20240226,20240305,20240303,0,5,10:53:11 PM,6,8,15,21,3,0,45,63,18,25,0
307,34,6,39,0,1,20240226,20240305,20240306,0,3,9:32:07 AM,9,8,6,9,1,0,6,9,3,15,0
307,10,6,39,0,1,20240226,20240305,20240306,0,3,9:32:07 AM,9,8,21,29,17,0,357,493,136,15,0
308,41,8,55,0,5,20240226,20240302,20240302,0,4,8:42:43 AM,5,5,24,39,4,0,96,156,60,25,0
308,147,8,55,0,5,20240226,20240302,20240302,0,4,8:42:43 AM,5,5,7,11,17,0,119,187,68,25,0
308,130,8,55,0,5,20240226,20240302,20240302,0,4,8:42:43 AM,5,5,10,18,8,0,80,144,64,25,0
309,4,39,16,0,1,20240226,20240305,20240305,0,6,1:33:38 AM,8,8,24,39,1,0,24,39,15,25,0
309,74,39,16,0,1,20240226,20240305,20240305,0,6,1:33:38 AM,8,8,10,17,6,0,60,102,42,25,0
310,139,60,13,0,5,20240226,20240305,20240306,0,3,2:31:13 PM,9,8,20,35,14,0,280,490,210,5,0
310,1,60,13,0,5,20240226,20240305,20240306,0,3,2:31:13 PM,9,8,9,16,1,0,9,16,7,5,0
310,17,60,13,0,5,20240226,20240305,20240306,0,3,2:31:13 PM,9,8,28,46,13,0,364,598,234,5,0
311,35,51,24,0,2,20240227,20240304,20240303,0,3,5:45:45 PM,5,6,7,12,12,0,84,144,60,10,0
312,139,58,36,0,2,20240227,20240306,20240307,0,1,6:02:17 PM,9,8,20,35,12,0,240,420,180,10,0
312,47,58,36,0,2,20240227,20240306,20240307,0,1,6:02:17 PM,9,8,22,34,12,0,264,408,144,10,0
312,157,58,36,0,2,20240227,20240306,20240307,0,1,6:02:17 PM,9,8,8,15,13,0,104,195,91,10,0
313,118,86,58,0,1,20240227,20240303,20240303,0,2,6:21:49 PM,5,5,10,14,17,0,170,238,68,10,0
314,32,25,61,0,6,20240227,20240306,20240305,0,2,9:45:39 PM,7,8,21,34,14,0,294,476,182,25,0
315,67,82,60,0,6,20240227,20240304,20240301,0,5,4:26:33 PM,3,6,10,15,10,0,100,150,50,5,0
316,33,16,44,0,6,20240227,20240306,20240307,0,5,6:07:02 PM,9,8,28,44,7,0,196,308,112,10,0
316,90,16,44,0,6,20240227,20240306,20240307,0,5,6:07:02 PM,9,8,18,30,8,0,144,240,96,10,0
316,40,16,44,0,6,20240227,20240306,20240307,0,5,6:07:02 PM,9,8,12,17,6,0,72,102,30,10,0
317,110,88,16,0,6,20240228,20240306,20240306,0,4,11:46:22 AM,7,7,7,12,10,0,70,120,50,10,0
317,130,88,16,0,6,20240228,20240306,20240306,0,4,11:46:22 AM,7,7,10,18,18,0,180,324,144,10,0
318,55,64,40,0,4,20240228,20240308,20240308,0,6,6:08:29 PM,9,9,6,11,3,0,18,33,15,20,0
318,122,64,40,0,4,20240228,20240308,20240308,0,6,6:08:29 PM,9,9,14,23,17,0,238,391,153,20,0
318,33,64,40,0,4,20240228,20240308,20240308,0,6,6:08:29 PM,9,9,28,44,14,0,392,616,224,20,0
318,113,64,40,0,4,20240228,20240308,20240308,0,6,6:08:29 PM,9,9,25,40,15,0,375,600,225,20,0
319,153,76,19,0,3,20240228,20240306,20240304,0,2,11:59:10 PM,5,7,26,39,16,0,416,624,208,10,0
319,51,76,19,0,3,20240228,20240306,20240304,0,2,11:59:10 PM,5,7,27,41,6,0,162,246,84,10,0
319,160,76,19,0,3,20240228,20240306,20240304,0,2,11:59:10 PM,5,7,4,6,16,0,64,96,32,10,0
319,123,76,19,0,3,20240228,20240306,20240304,0,2,11:59:10 PM,5,7,15,23,13,0,195,299,104,10,0
320,130,72,33,0,2,20240228,20240304,20240303,0,1,4:27:59 PM,4,5,10,18,17,0,170,306,136,20,0
321,16,88,37,0,1,20240228,20240306,20240305,0,4,11:03:38 PM,6,7,19,30,14,0,266,420,154,5,0
322,56,44,34,0,1,20240228,20240307,20240306,0,5,4:57:50 PM,7,8,14,22,14,0,196,308,112,20,0
322,81,44,34,0,1,20240228,20240307,20240306,0,5,4:57:50 PM,7,8,28,40,1,0,28,40,12,20,0
323,28,99,68,0,6,20240229,20240310,20240308,0,1,9:55:38 PM,8,10,28,50,13,0,364,650,286,10,0
323,41,99,68,0,6,20240229,20240310,20240308,0,1,9:55:38 PM,8,10,24,39,4,0,96,156,60,10,0
323,88,99,68,0,6,20240229,20240310,20240308,0,1,9:55:38 PM,8,10,29,44,10,0,290,440,150,10,0
324,102,38,26,0,6,20240229,20240307,20240308,0,2,1:56:24 PM,8,7,15,21,11,0,165,231,66,15,0
324,156,38,26,0,6,20240229,20240307,20240308,0,2,1:56:24 PM,8,7,18,29,5,0,90,145,55,15,0
325,48,17,54,0,3,20240229,20240309,20240310,0,4,12:28:28 PM,10,9,27,47,1,0,27,47,20,25,0
325,135,17,54,0,3,20240229,20240309,20240310,0,4,12:28:28 PM,10,9,18,32,15,0,270,480,210,25,0
326,15,95,11,0,6,20240229,20240305,20240302,0,6,5:51:46 PM,2,5,27,37,11,0,297,407,110,25,0
326,53,95,11,0,6,20240229,20240305,20240302,0,6,5:51:46 PM,2,5,6,9,11,0,66,99,33,25,0
327,33,21,71,0,5,20240229,20240310,20240310,0,2,2:02:19 PM,10,10,28,44,13,0,364,572,208,20,0
327,114,21,71,0,5,20240229,20240310,20240310,0,2,2:02:19 PM,10,10,13,23,13,0,169,299,130,20,0
328,82,64,19,0,4,20240229,20240309,20240308,0,1,6:29:36 PM,8,9,16,24,11,0,176,264,88,20,0
328,136,64,19,0,4,20240229,20240309,20240308,0,1,6:29:36 PM,8,9,21,35,14,0,294,490,196,20,0
328,17,64,19,0,4,20240229,20240309,20240308,0,1,6:29:36 PM,8,9,28,46,18,0,504,828,324,20,0
329,132,85,67,3,5,20240301,20240308,20240305,0,6,11:11:26 AM,4,7,4,6,8,14.4,32,34,2,25,0
329,70,85,67,3,5,20240301,20240308,20240305,0,6,11:11:26 AM,4,7,18,28,10,84,180,196,16,25,0
329,38,85,67,3,5,20240301,20240308,20240305,0,6,11:11:26 AM,4,7,20,36,5,54,100,126,26,25,0
330,125,41,36,3,6,20240301,20240309,20240306,0,5,11:06:26 PM,5,8,9,17,16,81.6,144,191,47,25,0
330,27,41,36,3,6,20240301,20240309,20240306,0,5,11:06:26 PM,5,8,21,37,10,111,210,259,49,25,0
331,59,51,69,3,4,20240301,20240310,20240308,0,6,3:21:23 AM,7,9,24,41,15,184.5,360,431,71,25,0
331,143,51,69,3,4,20240301,20240310,20240308,0,6,3:21:23 AM,7,9,14,23,7,48.3,98,113,15,25,0
331,130,51,69,3,4,20240301,20240310,20240308,0,6,3:21:23 AM,7,9,10,18,2,10.8,20,26,6,25,0
332,5,78,15,3,5,20240301,20240310,20240309,0,1,9:13:22 AM,8,9,8,12,1,3.6,8,9,1,5,0
333,96,84,58,3,3,20240301,20240307,20240305,0,4,8:55:28 AM,4,6,14,23,16,110.4,224,258,34,25,0
333,149,84,58,3,3,20240301,20240307,20240305,0,4,8:55:28 AM,4,6,22,31,8,74.4,176,174,-2,25,0
333,157,84,58,3,3,20240301,20240307,20240305,0,4,8:55:28 AM,4,6,8,15,13,58.5,104,137,33,25,0
334,122,79,59,3,4,20240301,20240306,20240306,0,5,12:59:51 AM,5,5,14,23,1,6.9,14,17,3,5,0
335,19,34,30,3,4,20240302,20240310,20240309,0,3,8:14:59 AM,7,8,23,31,11,102.3,253,239,-14,10,0
335,112,34,30,3,4,20240302,20240310,20240309,0,3,8:14:59 AM,7,8,5,8,11,26.4,55,62,7,10,0
336,14,94,46,3,2,20240302,20240311,20240312,0,6,2:23:53 AM,10,9,20,33,18,178.2,360,416,56,10,0
336,59,94,46,3,2,20240302,20240311,20240312,0,6,2:23:53 AM,10,9,24,41,13,159.9,312,374,62,10,0
337,106,56,13,3,1,20240302,20240310,20240310,0,5,10:15:12 AM,8,8,22,32,6,57.6,132,135,3,10,0
338,10,22,69,3,3,20240302,20240307,20240305,0,4,4:08:26 AM,3,5,21,29,12,104.4,252,244,-8,25,0
339,119,43,12,3,3,20240302,20240310,20240308,0,1,10:09:35 AM,6,8,19,29,16,139.2,304,325,21,20,0
340,49,95,22,3,4,20240303,20240313,20240312,0,5,10:58:05 AM,9,10,12,19,7,39.9,84,94,10,20,0
2,130,52,33,1,4,20240101,20240108,20240108,20240111,3,6:14:52 PM,7,7,10,18,-18,-71.28,-180,-252,-72,0,1
7,120,68,1,1,4,20240102,20240111,20240109,20240111,5,3:36:04 AM,7,9,24,34,-34,-254.32,-816,-901,-85,0,1
12,25,38,11,1,2,20240103,20240108,20240108,20240115,1,6:07:15 PM,8,9,6,9,-9,-17.82,-54,-63,-9,0,1
20,137,12,33,1,6,20240104,20240111,20240109,20240115,4,7:37:45 AM,10,10,25,37,-37,-301.18,-925,-1067,-142,0,1
22,115,33,3,1,2,20240105,20240112,20240111,20240110,1,6:45:14 PM,5,5,21,38,-38,-317.68,-798,-1126,-328,0,1
25,149,39,19,1,6,20240106,20240114,20240114,20240116,5,6:57:54 AM,8,9,22,31,-31,-211.42,-682,-749,-67,0,1
50,31,30,4,0,6,20240111,20240110,20240110,20240118,6,1:07:59 AM,3,6,21,32,-32,0,-672,-1024,-352,0,1
73,98,74,69,0,5,20240115,20240115,20240114,20240127,1,7:22:03 PM,10,9,20,33,-33,0,-660,-1089,-429,0,1
79,2,32,52,0,6,20240117,20240117,20240114,20240128,5,8:29:45 AM,6,9,21,34,-34,0,-714,-1156,-442,0,1
91,46,7,20,0,2,20240119,20240124,20240125,20240126,3,8:01:16 AM,3,5,12,19,-19,0,-228,-361,-133,0,1
104,32,73,69,0,2,20240122,20240126,20240123,20240130,5,6:05:50 AM,8,9,21,34,-34,0,-714,-1156,-442,0,1
115,17,72,71,0,2,20240124,20240124,20240122,20240130,5,3:01:44 PM,6,6,28,46,-46,0,-1288,-2116,-828,0,1
135,35,28,18,0,6,20240128,20240131,20240130,20240130,3,1:51:50 PM,2,5,7,12,-12,0,-84,-144,-60,0,1
145,156,45,41,0,4,20240130,20240130,20240130,20240203,2,11:01:35 AM,4,7,18,29,-29,0,-522,-841,-319,0,1
163,94,81,57,2,5,20240203,20240202,20240130,20240216,2,3:54:23 AM,9,10,5,9,-9,-25.11,-45,-55,-10,0,1
178,51,14,42,2,2,20240205,20240206,20240203,20240215,3,9:02:37 PM,9,10,27,41,-41,-521.11,-1107,-1159,-52,0,1
198,84,21,8,0,4,20240208,20240213,20240212,20240220,4,7:11:14 PM,8,9,21,29,-29,0,-609,-841,-232,0,1
215,65,78,18,0,6,20240211,20240215,20240214,20240220,1,4:11:42 AM,8,9,4,6,-6,0,-24,-36,-12,0,1
235,45,77,35,0,2,20240214,20240217,20240216,20240228,4,5:40:21 AM,9,8,7,11,-11,0,-77,-121,-44,0,1
270,149,23,37,0,1,20240220,20240220,20240219,20240301,5,7:14:28 AM,9,8,22,31,-31,0,-682,-961,-279,0,1
301,108,60,71,0,2,20240225,20240222,20240223,20240311,1,1:42:46 AM,10,9,13,18,-18,0,-234,-324,-90,0,1
320,130,72,33,0,2,20240228,20240228,20240229,20240304,1,4:27:59 PM,4,5,10,18,-18,0,-180,-324,-144,0,1
323,88,99,68,0,6,20240229,20240305,20240306,20240312,1,9:55:38 PM,8,10,29,44,-44,0,-1276,-1936,-660,0,1
332,5,78,15,3,5,20240301,20240304,20240303,20240309,1,9:13:22 AM,8,9,8,12,-12,-43.2,-96,-100,-4,0,1
333,96,84,58,3,3,20240301,20240310,20240308,20240308,4,8:55:28 AM,4,6,14,23,-23,-158.7,-322,-370,-48,0,1
334,122,79,59,3,4,20240301,20240310,20240309,20240308,5,12:59:51 AM,5,5,14,23,-23,-158.7,-322,-370,-48,0,1
336,59,94,46,3,2,20240302,20240307,20240305,20240315,6,2:23:53 AM,10,9,24,41,-41,-504.3,-984,-1176,-192,0,1
